quantity,card name,color,cmc,scryfall ID,types,card text
1,Aether Spellbomb,"",1,48ef7938-7c68-4aeb-9403-4ab1af944a81,"Artifact","{U}, Sacrifice this artifact: Return target creature to its owner's hand. {1}, Sacrifice this artifact: Draw a card."
1,Ancestral Blade,"White",2,7902956b-8d64-4320-89b0-6f369ce1f410,"Artifact","When this Equipment enters, create a 1/1 white Soldier creature token, then attach this Equipment to it. Equipped creature gets +1/+1. Equip {1} ({1}: Attach to target creature you control. Equip only as a sorcery.)"
1,Barbed Spike,"White",2,c75c8631-e630-402b-a559-f1b1aa49763c,"Artifact","When this Equipment enters, create a 1/1 colorless Thopter artifact creature token with flying, then attach this Equipment to it. Equipped creature gets +1/+0. Equip {2}"
1,Bolas's Citadel,"Black",6,5a16665a-2600-460a-a5ad-417930fda62c,"Artifact","You may look at the top card of your library any time. You may play lands and cast spells from the top of your library. If you cast a spell this way, pay life equal to its mana value rather than pay its mana cost. {T}, Sacrifice ten nonland permanents: Each opponent loses 10 life."
1,Chromatic Sphere,"",1,fd71f597-ad12-4d2b-93af-3f8dfe4027b2,"Artifact","{1}, {T}, Sacrifice this artifact: Add one mana of any color. Draw a card."
1,Chromatic Star,"",1,c2e8d492-2c67-410b-b556-c157a14c4cec,"Artifact","{1}, {T}, Sacrifice this artifact: Add one mana of any color. When this artifact is put into a graveyard from the battlefield, draw a card."
1,Executioner's Capsule,"Black",1,73a54823-a5fd-4055-a435-a6bdbd6bedff,"Artifact","{1}{B}, {T}, Sacrifice this artifact: Destroy target nonblack creature."
1,Flayer Husk,"",1,20b394f9-644d-426e-801b-110774092018,"Artifact","Living weapon (When this Equipment enters, create a 0/0 black Phyrexian Germ creature token, then attach this to it.) Equipped creature gets +1/+1. Equip {2}"
1,Glass Casket,"White",2,02c5c395-ee8b-47fd-ac52-256354c19cdf,"Artifact","When this artifact enters, exile target creature an opponent controls with mana value 3 or less until this artifact leaves the battlefield."
1,Heraldic Banner,"",3,2199a8ad-0955-45df-8d74-77be2c40385b,"Artifact","As this artifact enters, choose a color. Creatures you control of the chosen color get +1/+0. {T}: Add one mana of the chosen color."
1,Malefic Scythe,"Black",2,89e2bc57-8f18-4ba1-a11b-9d69d029f56a,"Artifact","This Equipment enters with a soul counter on it. Equipped creature gets +1/+1 for each soul counter on this Equipment. Whenever equipped creature dies, put a soul counter on this Equipment. Equip {1} ({1}: Attach to target creature you control. Equip only as a sorcery.)"
1,Mask of Memory,"",2,c6c4dffd-0ae9-493d-afa4-d1eb8bdba582,"Artifact","Whenever equipped creature deals combat damage to a player, you may draw two cards. If you do, discard a card. Equip {1} ({1}: Attach to target creature you control. Equip only as a sorcery.)"
1,Mazemind Tome,"",2,f45072cd-e3f2-4090-b984-50ec8d360bf2,"Artifact","{T}, Put a page counter on this artifact: Scry 1. (Look at the top card of your library. You may put that card on the bottom.) {2}, {T}, Put a page counter on this artifact: Draw a card. When there are four or more page counters on this artifact, exile it. If you do, you gain 4 life."
1,Mnemonic Sphere,"Blue",2,6dd6a9d8-6ac3-49be-a87e-4d91fa8d96a3,"Artifact","{1}{U}, Sacrifice this artifact: Draw two cards. Channel — {U}, Discard this card: Draw a card."
1,Mortarpod,"",2,01ef59a9-df91-4ebd-a09b-59e42e07b073,"Artifact","Living weapon (When this Equipment enters, create a 0/0 black Phyrexian Germ creature token, then attach this to it.) Equipped creature gets +0/+1 and has ""Sacrifice this creature: This creature deals 1 damage to any target."" Equip {2}"
1,Portable Hole,"White",1,80fca8c0-ae3e-439e-b202-228b9f360e9a,"Artifact","When this artifact enters, exile target nonland permanent an opponent controls with mana value 2 or less until this artifact leaves the battlefield."
1,Prophetic Prism,"",2,261d621b-4dc3-49a0-a08b-40618270bec6,"Artifact","When this artifact enters, draw a card. {1}, {T}: Add one mana of any color."
1,Quick-Draw Dagger,"",3,d64110f4-c4b6-4966-a23a-8da7d1983499,"Artifact","Flash When this Equipment enters, attach it to target creature you control. That creature gains first strike until end of turn. Equipped creature gets +1/+1. Equip {1} ({1}: Attach to target creature you control. Equip only as a sorcery.)"
1,Renegade Map,"",1,ac063445-d0e2-4015-96dc-97098433f30a,"Artifact","This artifact enters tapped. {T}, Sacrifice this artifact: Search your library for a basic land card, reveal it, put it into your hand, then shuffle."
1,Untethered Express,"",4,dba729d8-fd5e-4183-806a-0997f443a58f,"Artifact","Trample Whenever this Vehicle attacks, put a +1/+1 counter on it. Crew 1 (Tap any number of creatures you control with total power 1 or more: This Vehicle becomes an artifact creature until end of turn.)"
1,Weatherlight,"",4,c86cf087-c50a-487a-bc1a-eee5410f14d9,"Artifact","Flying Whenever Weatherlight deals combat damage to a player, look at the top five cards of your library. You may reveal a historic card from among them and put it into your hand. Put the rest on the bottom of your library in a random order. (Artifacts, legendaries, and Sagas are historic.) Crew 3"
1,Witching Well,"Blue",1,c4b664b0-e8ff-49f4-90a4-113444b169c9,"Artifact","When this artifact enters, scry 2. (Look at the top two cards of your library, then put any number of them on the bottom and the rest on top in any order.) {3}{U}, Sacrifice this artifact: Draw two cards."
1,Abbot of Keral Keep,"Red",2,cd94f624-9b35-4468-829f-106366f61c1a,"Creature","Prowess (Whenever you cast a noncreature spell, this creature gets +1/+1 until end of turn.) When this creature enters, exile the top card of your library. Until end of turn, you may play that card."
1,Adanto Vanguard,"White",2,21c950d7-b4f6-4902-8c9a-98f2933f9fa5,"Creature","As long as this creature is attacking, it gets +2/+0. Pay 4 life: This creature gains indestructible until end of turn. (Damage and effects that say ""destroy"" don't destroy it.)"
1,Ahn-Crop Crasher,"Red",3,cdf2b221-b94c-43b6-9a26-2ad737b00263,"Creature","Haste (This creature can attack and {T} as soon as it comes under your control.) You may exert this creature as it attacks. When you do, target creature can't block this turn. (An exerted creature won't untap during your next untap step.)"
1,Anax and Cymede,"White,Red",3,71d9fd43-576f-45db-ab8f-a9f2a0427398,"Creature","First strike, vigilance Heroic — Whenever you cast a spell that targets Anax and Cymede, creatures you control get +1/+1 and gain trample until end of turn."
1,Arcbound Prototype,"White",2,1cb0a1a4-9216-47f8-a4e3-20fe0de6a518,"Creature,Artifact","Modular 2 (This creature enters with two +1/+1 counters on it. When it dies, you may put its +1/+1 counters on target artifact creature.)"
1,Archaeomender,"Blue",3,22bb8779-ac19-43d6-b818-86eb8ee2f87d,"Creature","When this creature enters, return target artifact card from your graveyard to your hand."
1,Archfiend of Ifnir,"Black",5,9656903f-bd3e-4944-9f5f-f2d372a19f56,"Creature","Flying Whenever you cycle or discard another card, put a -1/-1 counter on each creature your opponents control. Cycling {2} ({2}, Discard this card: Draw a card.)"
1,Ardenvale Tactician // Dizzying Swoop,"White",3,c7d5e394-8e41-442e-ae97-a478a61e1b9d,"Creature,Instant","Flying // Tap up to two target creatures. (Then exile this card. You may cast the creature later from exile.)"
1,Audacious Thief,"Black",3,541b52de-e347-4ce2-b207-8079be664f9e,"Creature","Whenever this creature attacks, you draw a card and you lose 1 life."
1,"Baird, Argivian Recruiter","White,Red",2,1f643d78-d8d8-4645-9357-a68ebd0d3517,"Creature","At the beginning of your end step, if you control a creature with power greater than its base power, create a 1/1 white Soldier creature token."
1,Balduvian Atrocity,"Black",3,365333c4-59a0-4365-b242-a67b6224c1b8,"Creature","Kicker {R} (You may pay an additional {R} as you cast this spell.) Menace When this creature enters, if it was kicked, return target creature card with mana value 3 or less from your graveyard to the battlefield. It gains haste. Sacrifice it at the beginning of the next end step."
1,Baleful Strix,"Black,Blue",2,4ae1ec4a-5367-4663-841b-4038ae30a690,"Creature,Artifact","Flying, deathtouch When this creature enters, draw a card."
1,"Balmor, Battlemage Captain","Red,Blue",2,0b45ab13-9bb6-48af-8b37-d97b25801ac8,"Creature","Flying Whenever you cast an instant or sorcery spell, creatures you control get +1/+0 and gain trample until end of turn."
1,Battlewise Hoplite,"White,Blue",2,4c929a57-2c23-4bbf-b265-666630a4fde8,"Creature","Heroic — Whenever you cast a spell that targets this creature, put a +1/+1 counter on this creature, then scry 1. (To scry 1, look at the top card of your library, then you may put that card on the bottom.)"
1,Blazing Specter,"Red,Black",4,ad22937d-f56a-4a2b-b98e-0214f19d4350,"Creature","Flying, haste Whenever this creature deals combat damage to a player, that player discards a card."
1,Blood Artist,"Black",2,877558c4-f633-4510-97db-f1205a080ecb,"Creature","Whenever this creature or another creature dies, target player loses 1 life and you gain 1 life."
1,Bloodbraid Elf,"Green,Red",4,bb6a56ec-4b16-46d4-a1fc-4688e7a89574,"Creature","Haste (This creature can attack and {T} as soon as it comes under your control.) Cascade (When you cast this spell, exile cards from the top of your library until you exile a nonland card that costs less. You may cast it without paying its mana cost. Put the exiled cards on the bottom in a random order.)"
1,Bloodline Pretender,"",3,73f2d0bb-f6d6-4073-8959-31643f3b2bb6,"Creature,Artifact","Changeling (This card is every creature type.) As this creature enters, choose a creature type. Whenever another creature you control of the chosen type enters, put a +1/+1 counter on this creature."
1,Bogardan Dragonheart,"Red",3,feb81f44-8f22-4d28-a452-a50bef69a3e3,"Creature","Sacrifice another creature: Until end of turn, this creature becomes a Dragon with base power and toughness 4/4, flying, and haste."
1,Bomat Courier,"",1,425bff89-ad15-4d22-bce9-a4a07dbafd87,"Creature,Artifact","Haste Whenever this creature attacks, exile the top card of your library face down. (You can't look at it.) {R}, Discard your hand, Sacrifice this creature: Put all cards exiled with this creature into their owners' hands."
1,Boon Satyr,"Green",3,477a30f3-3cbe-42a5-9fae-fe5885a8cf25,"Creature,Enchantment","Flash Bestow {3}{G}{G} (If you cast this card for its bestow cost, it's an Aura spell with enchant creature. It becomes a creature again if it's not attached.) Enchanted creature gets +4/+2."
1,Brave-Kin Duo,"White",1,b8dd4693-424d-4d6e-86cf-24401a23d6b1,"Creature","{1}, {T}: Target creature gets +1/+1 until end of turn. Activate only as a sorcery."
1,Burning-Tree Emissary,"Green,Red",2,ba327a5e-bd57-4e24-b4b4-062202df30e1,"Creature","When this creature enters, add {R}{G}."
1,Cankerbloom,"Green",2,89b39293-6f57-4294-85fc-c718bdbb4d40,"Creature","{1}, Sacrifice this creature: Choose one — • Destroy target artifact. • Destroy target enchantment. • Proliferate. (Choose any number of permanents and/or players, then give each another counter of each kind already there.)"
1,Carrion Feeder,"Black",1,d3e33835-a293-4a1f-85d5-8ac22360ef35,"Creature","This creature can't block. Sacrifice a creature: Put a +1/+1 counter on this creature."
1,Cemetery Reaper,"Black",3,b874f27a-2e10-4331-8f6d-fd3575be0885,"Creature","Other Zombie creatures you control get +1/+1. {2}{B}, {T}: Exile target creature card from a graveyard. Create a 2/2 black Zombie creature token."
1,Changeling Berserker,"Red",4,9f2e8f24-2ee1-4516-bf60-7fe6a0c4baec,"Creature","Changeling (This card is every creature type.) Haste Champion a creature (When this enters, sacrifice it unless you exile another creature you control. When this leaves the battlefield, that card returns to the battlefield.)"
1,Charging Monstrosaur,"Red",5,98a55e1c-ec67-4300-9820-e5812438ad18,"Creature","Trample, haste"
1,Chomping Kavu,"Green",4,31c249d9-37c0-451d-866b-e834c4c57214,"Creature","Backup 1 (When this creature enters, put a +1/+1 counter on target creature. If that's another creature, it gains the following ability until end of turn.) This creature can't be blocked by creatures with power 2 or less."
1,Chrome Courier,"White,Blue",3,47a40b66-a700-4308-99f3-f3d40db30375,"Creature,Artifact","Flying When this creature enters, reveal the top two cards of your library. Put one of them into your hand and the other into your graveyard. If you put an artifact card into your hand this way, you gain 3 life."
1,Clarion Spirit,"White",2,86a4c348-1012-4339-960a-c7bc7fd84fbb,"Creature","Whenever you cast your second spell each turn, create a 1/1 white Spirit creature token with flying."
1,Coiling Stalker,"Green",2,6eba24f6-8a9c-4398-b2ab-3924b107c7b7,"Creature","Ninjutsu {1}{G} ({1}{G}, Return an unblocked attacker you control to hand: Put this card onto the battlefield from your hand tapped and attacking.) Whenever this creature deals combat damage to a player, put a +1/+1 counter on target creature you control that doesn't have a +1/+1 counter on it."
1,Corpse Knight,"White,Black",2,8859c03c-6c75-402f-9870-d4067a4ec4ed,"Creature","Whenever another creature you control enters, each opponent loses 1 life."
1,Courser of Kruphix,"Green",3,dc63d2ea-a980-466e-9ebb-f28008f84c3d,"Creature,Enchantment","Play with the top card of your library revealed. You may play lands from the top of your library. Landfall — Whenever a land you control enters, you gain 1 life."
1,Cruel Celebrant,"White,Black",2,b3f8be99-a398-4664-beb6-3e98d6e62a32,"Creature","Whenever this creature or another creature or planeswalker you control dies, each opponent loses 1 life and you gain 1 life."
1,Cryptbreaker,"Black",1,a3364105-68e9-45b5-874a-5c273d10f3f9,"Creature","{1}{B}, {T}, Discard a card: Create a 2/2 black Zombie creature token. Tap three untapped Zombies you control: You draw a card and you lose 1 life."
1,Daring Archaeologist,"White",4,306ebfe1-428d-4f38-950e-b72a44262c25,"Creature","When this creature enters, you may return target artifact card from your graveyard to your hand. Whenever you cast a historic spell, put a +1/+1 counter on this creature. (Artifacts, legendaries, and Sagas are historic.)"
1,Dark-Dweller Oracle,"Red",2,bd35664f-b99d-46b6-988e-8f2814b0a854,"Creature","{1}, Sacrifice a creature: Exile the top card of your library. You may play that card this turn. (You still pay its costs. You can play a land this way only if you have an available land play remaining.)"
1,Dire Fleet Daredevil,"Red",2,9de2ad47-c6d5-4cd8-ae32-66ae167e25a0,"Creature","First strike When this creature enters, exile target instant or sorcery card from an opponent's graveyard. You may cast it this turn, and mana of any type can be spent to cast that spell. If that spell would be put into a graveyard, exile it instead."
1,Diregraf Colossus,"Black",3,02351d67-2d73-43e3-82f7-5277c532d7ac,"Creature","This creature enters with a +1/+1 counter on it for each Zombie card in your graveyard. Whenever you cast a Zombie spell, create a tapped 2/2 black Zombie creature token."
1,Dragon's Rage Channeler,"Red",1,4ced112a-e775-4f97-97b3-74877e9dce12,"Creature","Whenever you cast a noncreature spell, surveil 1. (Look at the top card of your library. You may put that card into your graveyard.) Delirium — As long as there are four or more card types among cards in your graveyard, this creature gets +2/+2, has flying, and attacks each combat if able."
1,Dreadhorde Arcanist,"Red",2,fd97b3cf-924e-4f77-bb82-0bf19592389f,"Creature","Trample Whenever this creature attacks, you may cast target instant or sorcery card with mana value less than or equal to this creature's power from your graveyard without paying its mana cost. If that spell would be put into your graveyard, exile it instead."
1,Dreadhorde Butcher,"Red,Black",2,457bc402-4c31-465c-95e1-694f686e257e,"Creature","Haste Whenever this creature deals combat damage to a player or planeswalker, put a +1/+1 counter on this creature. When this creature dies, it deals damage equal to its power to any target."
1,Dryad Greenseeker,"Green",2,30171803-1e7b-430b-a0de-2dfd2f1115ac,"Creature","{T}: Look at the top card of your library. If it's a land card, you may reveal it and put it into your hand."
1,Dungeon Geists,"Blue",4,d3c81fda-c23d-437c-85f0-62d7b492ea32,"Creature","Flying When this creature enters, tap target creature an opponent controls. That creature doesn't untap during its controller's untap step for as long as you control this creature."
1,Earl of Squirrel,"Green",6,c7188d0f-0329-4ecc-ab2e-dea7c5f39852,"Creature","Squirrellink (Damage dealt by this creature also causes you to create that many 1/1 green Squirrel creature tokens.) Creature tokens you control are Squirrels in addition to their other creature types. Other Squirrels you control get +1/+1."
1,Elementalist Adept,"Blue",2,d9768cc6-8f53-4922-ae32-376a2f32d719,"Creature","Flash (You may cast this spell any time you could cast an instant.) Prowess (Whenever you cast a noncreature spell, this creature gets +1/+1 until end of turn.)"
1,Elvish Reclaimer,"Green",1,3826a901-7219-46d1-acae-07a981877149,"Creature","This creature gets +2/+2 as long as there are three or more land cards in your graveyard. {2}, {T}, Sacrifice a land: Search your library for a land card, put it onto the battlefield tapped, then shuffle."
1,Embereth Shieldbreaker // Battle Display,"Red",2,e2f789b3-3274-4a93-b44b-fabc44c1833c,"Creature,Sorcery"," // Destroy target artifact. (Then exile this card. You may cast the creature later from exile.)"
1,Embodiment of Insight,"Green",5,2f3d83f7-b087-4e9b-8e98-6b9b060d0627,"Creature","Vigilance Land creatures you control have vigilance. Landfall — Whenever a land you control enters, you may have target land you control become a 3/3 Elemental creature with haste until end of turn. It's still a land."
1,Emeria Angel,"White",4,2406ab7c-c6be-421a-a92c-048441a01acd,"Creature","Flying Landfall — Whenever a land you control enters, you may create a 1/1 white Bird creature token with flying."
1,"Emmara, Soul of the Accord","White,Green",2,41b930ee-e16b-4612-87de-c03ecc6ff6db,"Creature","Whenever Emmara becomes tapped, create a 1/1 white Soldier creature token with lifelink."
1,Enduring Bondwarden,"White",1,eb0680eb-ceca-44d9-9654-78ea2ccfce17,"Creature","Backup 1 (When this creature enters, put a +1/+1 counter on target creature. If that's another creature, it gains the following ability until end of turn.) When this creature dies, put its counters on target creature you control."
1,Etherium Sculptor,"Blue",2,b0556f20-1ea8-4ab5-9a09-dec9959f017b,"Creature,Artifact","Artifact spells you cast cost {1} less to cast."
1,Eutropia the Twice-Favored,"Green,Blue",3,51908a18-c165-40e2-b4ad-6d062ef85761,"Creature","Constellation — Whenever an enchantment you control enters, put a +1/+1 counter on target creature. That creature gains flying until end of turn."
1,Experiment One,"Green",1,3b551403-47dd-4c2b-95c8-0e2e674d6fcf,"Creature","Evolve (Whenever a creature you control enters, if that creature has greater power or toughness than this creature, put a +1/+1 counter on this creature.) Remove two +1/+1 counters from this creature: Regenerate it. (The next time this creature would be destroyed this turn, instead tap it, remove it from combat, and heal all damage on it.)"
1,Fabled Hero,"White",3,642d9a5c-5697-4747-adce-5a71bcf1c086,"Creature","Double strike Heroic — Whenever you cast a spell that targets this creature, put a +1/+1 counter on it."
1,Faerie Guidemother // Gift of the Fae,"White",1,0e55af61-7755-4d3c-9197-ee36137fbeae,"Creature,Sorcery","Flying // Target creature gets +2/+1 and gains flying until end of turn. (Then exile this card. You may cast the creature later from exile.)"
1,Faerie Seer,"Blue",1,d1fcfeb4-1818-4e08-be4c-27b8a9dc12e6,"Creature","Flying When this creature enters, scry 2. (Look at the top two cards of your library, then put any number of them on the bottom and the rest on top in any order.)"
1,Faerie Vandal,"Blue",2,65c46caf-398f-4051-b589-b67a310d7046,"Creature","Flash (You may cast this spell any time you could cast an instant.) Flying Whenever you draw your second card each turn, put a +1/+1 counter on this creature."
1,Favored Hoplite,"White",1,19a43ca9-50ce-41b7-b8ef-8a5810edf254,"Creature","Heroic — Whenever you cast a spell that targets this creature, put a +1/+1 counter on this creature and prevent all damage that would be dealt to it this turn."
1,"Fblthp, the Lost","Blue",2,79b2c547-0d9e-4fd7-a399-347ad908c70b,"Creature","When Fblthp enters, draw a card. If it entered from your library or was cast from your library, draw two cards instead. When Fblthp becomes the target of a spell, shuffle Fblthp into its owner's library."
1,Fearless Fledgling,"White",2,0bb8d178-40be-419c-8f2c-46796849ec87,"Creature","Landfall — Whenever a land you control enters, put a +1/+1 counter on this creature. It gains flying until end of turn."
1,Feldon of the Third Path,"Red",3,1665327f-8267-4054-9be5-43a610887c26,"Creature","{2}{R}, {T}: Create a token that's a copy of target creature card in your graveyard, except it's an artifact in addition to its other types. It gains haste. Sacrifice it at the beginning of the next end step."
1,Fiend Hunter,"White",3,f606cf4d-e29b-415a-956c-b148045c44e9,"Creature","When this creature enters, you may exile another target creature. When this creature leaves the battlefield, return the exiled card to the battlefield under its owner's control."
1,Figure of Destiny,"White,Red",1,6add511b-1931-4e4e-9a4c-083bc5ff2bc2,"Creature","{R/W}: This creature becomes a Kithkin Spirit with base power and toughness 2/2. {R/W}{R/W}{R/W}: If this creature is a Spirit, it becomes a Kithkin Spirit Warrior with base power and toughness 4/4. {R/W}{R/W}{R/W}{R/W}{R/W}{R/W}: If this creature is a Warrior, it becomes a Kithkin Spirit Warrior Avatar with base power and toughness 8/8, flying, and first strike."
1,Filigree Familiar,"",3,875df3ef-fab4-455f-bfdb-8f6361b27bf6,"Creature,Artifact","When this creature enters, you gain 2 life. When this creature dies, draw a card."
1,Firefist Striker,"Red",2,6a6912e1-ec9a-4db7-a0fc-2cb91f740b80,"Creature","Battalion — Whenever this creature and at least two other creatures attack, target creature can't block this turn."
1,Fleshtaker,"White,Black",2,4b9bf7a7-28f8-410e-86d3-5637e473a5a1,"Creature","Whenever you sacrifice another creature, you gain 1 life and scry 1. (Look at the top card of your library. You may put that card on the bottom.) {1}, Sacrifice another creature: This creature gets +2/+2 until end of turn."
1,Flowerfoot Swordmaster,"White",1,97ff118f-9c3c-43a2-8085-980c7fe7d227,"Creature","Offspring {2} (You may pay an additional {2} as you cast this spell. If you do, when this creature enters, create a 1/1 token copy of it.) Valiant — Whenever this creature becomes the target of a spell or ability you control for the first time each turn, Mice you control get +1/+0 until end of turn."
1,Foundation Breaker,"Green",4,4f08381e-34f5-4d08-b737-8c37964719e0,"Creature","When this creature enters, you may destroy target artifact or enchantment. Evoke {1}{G} (You may cast this spell for its evoke cost. If you do, it's sacrificed when it enters.)"
1,Frost Trickster,"Blue",3,be2a0b62-7473-4c7e-9bf4-f0514bb2c151,"Creature","Flying When this creature enters, tap target creature an opponent controls. That creature doesn't untap during its controller's next untap step."
1,Gingerbrute,"",1,09a4578a-7dc6-4da3-93ee-913b10be5740,"Creature,Artifact","Haste (This creature can attack and {T} as soon as it comes under your control.) {1}: This creature can't be blocked this turn except by creatures with haste. {2}, {T}, Sacrifice this creature: You gain 3 life."
1,Goblin Cratermaker,"Red",2,88670dcc-715e-4570-8b0c-f4772a2c99e2,"Creature","{1}, Sacrifice this creature: Choose one — • This creature deals 2 damage to target creature. • Destroy target colorless nonland permanent."
1,Goblin Engineer,"Red",2,944ca6e7-084b-424a-80c1-e88de192fd98,"Creature","When this creature enters, you may search your library for an artifact card, put it into your graveyard, then shuffle. {R}, {T}, Sacrifice an artifact: Return target artifact card with mana value 3 or less from your graveyard to the battlefield."
1,Grateful Apparition,"White",2,755e0d2b-9a5e-4a13-b085-13c33e120de0,"Creature","Flying Whenever this creature deals combat damage to a player or planeswalker, proliferate. (Choose any number of permanents and/or players, then give each another counter of each kind already there.)"
1,Gravecrawler,"Black",1,08ef7130-5051-4e2c-b473-2dae3176078e,"Creature","This creature can't block. You may cast this card from your graveyard as long as you control a Zombie."
1,Graveshifter,"Black",4,b7bb405a-3643-4b3a-95d2-ea7ac9c6a2ff,"Creature","Changeling (This card is every creature type.) When this creature enters, you may return target creature card from your graveyard to your hand."
1,Grim Lavamancer,"Red",1,1ab6ffe8-e1ad-4db9-98f7-d6038f271866,"Creature","{R}, {T}, Exile two cards from your graveyard: This creature deals 2 damage to any target."
1,"Grumgully, the Generous","Green,Red",3,d8d7ac51-450e-473e-93e1-3fa9b3b6e2d4,"Creature","Each other non-Human creature you control enters with an additional +1/+1 counter on it."
1,Guttersnipe,"Red",3,48eeb13e-26f8-4fc7-8850-d38790317ea4,"Creature","Whenever you cast an instant or sorcery spell, this creature deals 2 damage to each opponent."
1,Hangar Scrounger,"Red",3,c2551b01-4d88-47f3-b54d-96ec03e093f8,"Creature","Backup 1 (When this creature enters, put a +1/+1 counter on target creature. If that's another creature, it gains the following ability until end of turn.) Whenever this creature becomes tapped, you may discard a card. If you do, draw a card."
1,Haywire Mite,"",1,0e8eb992-9dc3-4258-aee3-8b03e44a74f3,"Creature,Artifact","When this creature dies, you gain 2 life. {G}, Sacrifice this creature: Exile target noncreature artifact or noncreature enchantment."
1,Heartfire Immolator,"Red",2,869fb9f1-0d59-4874-aa52-ac665c3cc0e8,"Creature","Prowess (Whenever you cast a noncreature spell, this creature gets +1/+1 until end of turn.) {R}, Sacrifice this creature: It deals damage equal to its power to target creature or planeswalker."
1,Hero of Leina Tower,"Green",1,93f3f0ce-e8f5-4020-b8db-23a6aa7f7cb5,"Creature","Heroic — Whenever you cast a spell that targets this creature, you may pay {X}. If you do, put X +1/+1 counters on this creature."
1,Honored Hydra,"Green",6,21c33902-a06a-4321-bdf4-cea5494fda63,"Creature","Trample Embalm {3}{G} ({3}{G}, Exile this card from your graveyard: Create a token that's a copy of it, except it's a white Zombie Snake Hydra with no mana cost. Embalm only as a sorcery.)"
1,Hope Tender,"Green",2,9ffb676d-54b7-4d30-9c84-ff9b48030705,"Creature","{1}, {T}: Untap target land. {1}, {T}, Exert this creature: Untap two target lands. (An exerted creature won't untap during your next untap step.)"
1,Hopeful Initiate,"White",1,c655f9e8-ff99-48d0-83a9-ea6a853f17c6,"Creature","Training (Whenever this creature attacks with another creature with greater power, put a +1/+1 counter on this creature.) {2}{W}, Remove two +1/+1 counters from among creatures you control: Destroy target artifact or enchantment."
1,Hungering Hydra,"Green",1,cce0561d-252a-499f-bfa0-9de59e4ea5ba,"Creature","This creature enters with X +1/+1 counters on it. This creature can't be blocked by more than one creature. Whenever this creature is dealt damage, put that many +1/+1 counters on it. (It must survive the damage to get the counters.)"
1,Illuminator Virtuoso,"White",2,52ba20d9-9423-4114-8734-1dac307483c8,"Creature","Double strike Whenever this creature becomes the target of a spell you control, it connives. (Draw a card, then discard a card. If you discarded a nonland card, put a +1/+1 counter on this creature.)"
1,Ingenious Infiltrator,"Black,Blue",4,919cd266-b796-4a1c-937f-76b565c82495,"Creature","Ninjutsu {U}{B} ({U}{B}, Return an unblocked attacker you control to hand: Put this card onto the battlefield from your hand tapped and attacking.) Whenever a Ninja you control deals combat damage to a player, draw a card."
1,Intrepid Trufflesnout // Go Hog Wild,"Green",2,4224747e-1dbc-4a29-b5da-5916d8ca2768,"Creature,Instant","Whenever this creature attacks alone, create a Food token. (It's an artifact with ""{2}, {T}, Sacrifice this token: You gain 3 life."") // Target creature gets +2/+2 until end of turn. (Then exile this card. You may cast the creature later from exile.)"
1,"Ivy, Gleeful Spellthief","Green,Blue",2,9187f4ea-27f2-4f94-b783-6992087d64a4,"Creature","Flying Whenever a player casts a spell that targets only a single creature other than Ivy, you may copy that spell. The copy targets Ivy. (A copy of an Aura spell becomes a token.)"
1,Jadelight Ranger,"Green",3,bd117880-4e5d-4dd4-9719-6d6f5ecca91f,"Creature","When this creature enters, it explores, then it explores again. (Reveal the top card of your library. Put that card into your hand if it's a land. Otherwise, put a +1/+1 counter on this creature, then put the card back or put it into your graveyard. Then repeat this process.)"
1,"Jhoira, Weatherlight Captain","Red,Blue",4,776f490a-2f75-4c18-8164-56bd65bb09c6,"Creature","Whenever you cast a historic spell, draw a card. (Artifacts, legendaries, and Sagas are historic.)"
1,"Judith, the Scourge Diva","Red,Black",3,d6fb929c-1b8d-4d1d-aa69-ac6189cd7ebf,"Creature","Other creatures you control get +1/+0. Whenever a nontoken creature you control dies, Judith deals 1 damage to any target."
1,Juniper Order Rootweaver,"White",2,c56cf82f-8bbb-49ae-ad93-291cbec9126e,"Creature","Kicker {G} (You may pay an additional {G} as you cast this spell.) When this creature enters, if it was kicked, put a +1/+1 counter on target creature you control."
1,Kitesail Freebooter,"Black",2,88496096-fd9a-451a-85d9-31ccc3580623,"Creature","Flying When this creature enters, target opponent reveals their hand. You choose a noncreature, nonland card from it. Exile that card until this creature leaves the battlefield."
1,Knight of the Reliquary,"White,Green",3,205df311-a72d-40f1-b2ea-9b30274bc9bd,"Creature","This creature gets +1/+1 for each land card in your graveyard. {T}, Sacrifice a Forest or Plains: Search your library for a land card, put it onto the battlefield, then shuffle."
1,Kor Skyfisher,"White",2,d7501662-1216-4e08-bd2b-e0a459057942,"Creature","Flying When this creature enters, return a permanent you control to its owner's hand."
1,Korozda Guildmage,"Green,Black",2,42e19e30-3853-49e5-a3a3-5616e25df4ea,"Creature","{1}{B}{G}: Target creature gets +1/+1 and gains intimidate until end of turn. (It can't be blocked except by artifact creatures and/or creatures that share a color with it.) {2}{B}{G}, Sacrifice a nontoken creature: Create X 1/1 green Saproling creature tokens, where X is the sacrificed creature's toughness."
1,Kraul Harpooner,"Green",2,eab7414e-9e36-4420-a50a-61cb8061f349,"Creature","Reach Undergrowth — When this creature enters, choose up to one target creature you don't control with flying. This creature gets +X/+0 until end of turn, where X is the number of creature cards in your graveyard, then you may have this creature fight that creature."
1,Lampad of Death's Vigil,"Black",2,90609f70-ae14-4abb-be3a-f3f70437c4a5,"Creature,Enchantment","{1}, Sacrifice a creature: Each opponent loses 1 life and you gain 1 life."
1,Law-Rune Enforcer,"White",1,2f160c0f-d9c9-4fc1-b61c-a2154bc21879,"Creature","{1}, {T}: Tap target creature with mana value 2 or greater."
1,Legion Loyalist,"Red",1,ff93d9e3-3e27-4bd4-955b-076788519694,"Creature","Haste Battalion — Whenever this creature and at least two other creatures attack, creatures you control gain first strike and trample until end of turn and can't be blocked by creature tokens this turn."
1,Legion Vanguard,"Black",2,11ea9ea5-acf1-4980-b7e5-083da455adb0,"Creature","{1}, Sacrifice another creature: This creature explores. (Reveal the top card of your library. Put that card into your hand if it's a land. Otherwise, put a +1/+1 counter on this creature, then put the card back or put it into your graveyard.)"
1,Liliana's Devotee,"Black",3,e5be825b-16ea-49eb-8ffa-79af40ce4f98,"Creature","Zombies you control get +1/+0. At the beginning of your end step, if a creature died this turn, you may pay {1}{B}. If you do, create a 2/2 black Zombie creature token."
1,Loathsome Chimera,"Green",3,3afe6283-3642-4883-ac6e-83ae3280af9c,"Creature","Escape—{4}{G}, Exile three other cards from your graveyard. (You may cast this card from your graveyard for its escape cost.) This creature escapes with a +1/+1 counter on it."
1,Looter il-Kor,"Blue",2,7083c77c-166f-4c6f-a2ca-dd1b877ff5f7,"Creature","Shadow (This creature can block or be blocked by only creatures with shadow.) Whenever this creature deals damage to an opponent, draw a card, then discard a card."
1,"Maja, Bretagard Protector","White,Green",5,b8832509-497d-4253-bbb1-92adfb69368f,"Creature","Other creatures you control get +1/+1. Landfall — Whenever a land you control enters, create a 1/1 white Human Warrior creature token."
1,Man-o'-War,"Blue",3,a1ef40d5-c287-4229-8059-3505d9f251ca,"Creature","When this creature enters, return target creature to its owner's hand."
1,Marionette Master,"Black",6,236c3425-17a2-404e-8630-8dbeb9c3981d,"Creature","Fabricate 3 (When this creature enters, put three +1/+1 counters on it or create three 1/1 colorless Servo artifact creature tokens.) Whenever an artifact you control is put into a graveyard from the battlefield, target opponent loses life equal to this creature's power."
1,Masked Vandal,"Green",2,d6f47fe1-36c6-4af9-a9eb-f2919e8e3446,"Creature","Changeling (This card is every creature type.) When this creature enters, you may exile a creature card from your graveyard. If you do, exile target artifact or enchantment an opponent controls."
1,Mayhem Patrol,"Red",2,50162cdd-ba30-48df-93ff-197c7f4a2913,"Creature","Menace (This creature can't be blocked except by two or more creatures.) Whenever this creature attacks, target creature gets +1/+0 until end of turn. Blitz {1}{R} (If you cast this spell for its blitz cost, it gains haste and ""When this creature dies, draw a card."" Sacrifice it at the beginning of the next end step.)"
1,Merchant of the Vale // Haggle,"Red",3,449ea634-987d-4ba8-9bcf-947509b3ed40,"Creature,Instant","{2}{R}, Discard a card: Draw a card. // You may discard a card. If you do, draw a card. (Then exile this card. You may cast the creature later from exile.)"
1,Merfolk Looter,"Blue",2,6d740928-bf61-4420-a403-63097538b97d,"Creature","{T}: Draw a card, then discard a card."
1,Merfolk Skydiver,"Green,Blue",2,bb8fcaa7-3430-4de1-854a-77b7bef59864,"Creature","Flying When this creature enters, put a +1/+1 counter on target creature you control. {3}{G}{U}: Proliferate. (Choose any number of permanents and/or players, then give each another counter of each kind already there.)"
1,Metallic Mimic,"",2,1aa4eba9-9e91-4beb-9296-a18baa73a318,"Creature,Artifact","As this creature enters, choose a creature type. This creature is the chosen type in addition to its other types. Each other creature you control of the chosen type enters with an additional +1/+1 counter on it."
1,Militia Bugler,"White",3,5fe9413b-5702-4998-aed7-d3a1102a8d7e,"Creature","Vigilance (Attacking doesn't cause this creature to tap.) When this creature enters, look at the top four cards of your library. You may reveal a creature card with power 2 or less from among them and put it into your hand. Put the rest on the bottom of your library in a random order."
1,Ministrant of Obligation,"White",3,a37658ab-2dda-4412-9cc2-3b2df32c7581,"Creature","Afterlife 2 (When this creature dies, create two 1/1 white and black Spirit creature tokens with flying.)"
1,Mischievous Mystic,"Blue",2,20d89cec-528b-4b2a-87db-e11ce0000622,"Creature","Flying Whenever you draw your second card each turn, create a 1/1 blue Faerie creature token with flying."
1,Mogg War Marshal,"Red",2,a7f7f39c-94a0-4ccb-b658-23095ada4005,"Creature","Echo {1}{R} (At the beginning of your upkeep, if this came under your control since the beginning of your last upkeep, sacrifice it unless you pay its echo cost.) When this creature enters or dies, create a 1/1 red Goblin creature token."
1,Monastery Swiftspear,"Red",1,3c9899a8-f5b0-427f-ac87-09fc8afe0f23,"Creature","Haste Prowess (Whenever you cast a noncreature spell, this creature gets +1/+1 until end of turn.)"
1,Moon-Circuit Hacker,"Blue",2,75c43923-7280-4ccb-810b-e8c38dd8a26f,"Creature,Enchantment","Ninjutsu {U} ({U}, Return an unblocked attacker you control to hand: Put this card onto the battlefield from your hand tapped and attacking.) Whenever this creature deals combat damage to a player, you may draw a card. If you do, discard a card unless this creature entered this turn."
1,Mouse Trapper,"White",3,8ba1bc5a-03e7-44ec-893e-44042cbc02ef,"Creature","Flash Valiant — Whenever this creature becomes the target of a spell or ability you control for the first time each turn, tap target creature an opponent controls."
1,Mulldrifter,"Blue",5,d7e282a2-d258-4c23-852c-6b0f10ae1962,"Creature","Flying When this creature enters, draw two cards. Evoke {2}{U} (You may cast this spell for its evoke cost. If you do, it's sacrificed when it enters.)"
1,Murmuring Mystic,"Blue",4,ba2c4793-4b40-4dc3-a119-a86852d19a0c,"Creature","Whenever you cast an instant or sorcery spell, create a 1/1 blue Bird Illusion creature token with flying."
1,Myr Retriever,"",2,b8972a7c-ff64-4158-8277-2bd90e8db48d,"Creature,Artifact","When this creature dies, return another target artifact card from your graveyard to your hand."
1,Myr Sire,"",2,11ba43d1-e879-40e0-b49c-e009deb7e3aa,"Creature,Artifact","When this creature dies, create a 1/1 colorless Phyrexian Myr artifact creature token."
1,Nessian Hornbeetle,"Green",2,3d4d93de-85c6-4653-8ddd-d8bf21516d44,"Creature","At the beginning of combat on your turn, if you control another creature with power 4 or greater, put a +1/+1 counter on this creature."
1,Nested Shambler,"Black",1,9851f290-f502-49f8-9b48-67f7966d4e34,"Creature","When this creature dies, create X tapped 1/1 green Squirrel creature tokens, where X is this creature's power."
1,Network Disruptor,"Blue",1,7f80cfb2-693c-4a84-ad41-9eeb2080d963,"Creature,Artifact","Flying When this creature enters, tap target permanent."
1,Ninja of the Deep Hours,"Blue",4,367a67c7-54db-4336-b55a-3fa27625172a,"Creature","Ninjutsu {1}{U} ({1}{U}, Return an unblocked attacker you control to hand: Put this card onto the battlefield from your hand tapped and attacking.) Whenever this creature deals combat damage to a player, you may draw a card."
1,Noosegraf Mob,"Black",6,b8320434-70d6-48c6-a4cd-1cecc6a21ad4,"Creature","This creature enters with five +1/+1 counters on it. Whenever a player casts a spell, remove a +1/+1 counter from this creature. If you do, create a 2/2 black Zombie creature token."
1,"Noyan Dar, Roil Shaper","White,Blue",5,018a66fc-e7aa-42df-a622-50743cb20183,"Creature","Whenever you cast an instant or sorcery spell, you may put three +1/+1 counters on target land you control. If you do, that land becomes a 0/0 Elemental creature with haste that's still a land."
1,Odric's Outrider,"White",4,9016f837-cc19-43f1-adb9-96bdd3195407,"Creature","Whenever this creature or another creature you control dies, put a +1/+1 counter on target creature you control."
1,Pelt Collector,"Green",1,bee125cb-12b9-4f78-8e1d-6018d9c52275,"Creature","Whenever another creature you control enters or dies, if that creature's power is greater than this creature's, put a +1/+1 counter on this creature. As long as this creature has three or more +1/+1 counters on it, it has trample."
1,Perilous Myr,"",2,5a15c8ef-04ad-4aab-a7f1-c7a90c10eb50,"Creature,Artifact","When this creature dies, it deals 2 damage to any target."
1,Pestermite,"Blue",3,c961027c-b311-48f2-9fbc-3882ad6f0fe6,"Creature","Flash Flying When this creature enters, you may tap or untap target permanent."
1,Phalanx Leader,"White",2,96d22985-4354-4015-bd74-0ddf4f0cdf17,"Creature","Heroic — Whenever you cast a spell that targets this creature, put a +1/+1 counter on each creature you control."
1,Phyrexian Missionary,"White",2,7f22fcfa-a5f0-4fae-b578-cdfd7d46a4c8,"Creature","Kicker {1}{B} (You may pay an additional {1}{B} as you cast this spell.) Lifelink When this creature enters, if it was kicked, return target creature card from your graveyard to your hand."
1,Pilgrim's Eye,"",3,48bfc25b-f73c-431c-b173-adcd65c5d491,"Creature,Artifact","Flying When this creature enters, you may search your library for a basic land card, reveal it, put it into your hand, then shuffle."
1,Placid Rottentail,"Green",1,7a87c5d2-3ebc-442b-8618-963cfc63855f,"Creature","Vigilance {2}{G}, Exile this card from your graveyard: Put two +1/+1 counters on target creature. Activate only as a sorcery."
1,Plague Belcher,"Black",3,26c3846a-b5a6-42ad-bcc0-96f2077b1b47,"Creature","Menace When this creature enters, put two -1/-1 counters on target creature you control. Whenever another Zombie you control dies, each opponent loses 1 life."
1,Plague Spitter,"Black",3,b9e666d8-ae55-4cd2-bc0c-b4c82bff1d6c,"Creature","At the beginning of your upkeep, this creature deals 1 damage to each creature and each player. When this creature dies, it deals 1 damage to each creature and each player."
1,Poison-Tip Archer,"Green,Black",4,b7e92375-037c-4be1-8183-6261e0666e12,"Creature","Reach (This creature can block creatures with flying.) Deathtouch (Any amount of damage this deals to a creature is enough to destroy it.) Whenever another creature dies, each opponent loses 1 life."
1,Pollenbright Druid,"Green",2,e8215686-bf19-4090-87c1-dd4f691f2ae7,"Creature","When this creature enters, choose one — • Put a +1/+1 counter on target creature. • Proliferate. (Choose any number of permanents and/or players, then give each another counter of each kind already there.)"
1,Precinct Captain,"White",2,fef6faa4-520c-4823-bfdf-715cec7fcd4b,"Creature","First strike Whenever this creature deals combat damage to a player, create a 1/1 white Soldier creature token."
1,Priest of Forgotten Gods,"Black",2,0eb210a7-fecd-4523-8885-ad78b36a9dc2,"Creature","{T}, Sacrifice two other creatures: Any number of target players each lose 2 life and sacrifice a creature of their choice. You add {B}{B} and draw a card."
1,Pteramander,"Blue",1,0072bbbf-a695-47dd-9615-db2659f357db,"Creature","Flying {7}{U}: Adapt 4. This ability costs {1} less to activate for each instant and sorcery card in your graveyard. (If this creature has no +1/+1 counters on it, put four +1/+1 counters on it.)"
1,Rabbit Battery,"Red",1,5d33a5b7-797b-4079-8d62-edd124c0fb5a,"Creature,Artifact","Haste Equipped creature gets +1/+1 and has haste. Reconfigure {R} ({R}: Attach to target creature you control; or unattach from a creature. Reconfigure only as a sorcery. While attached, this isn't a creature.)"
1,"Raff Capashen, Ship's Mage","White,Blue",4,c681e33b-3d60-4aaa-8186-51866d8b79d1,"Creature","Flash Flying You may cast historic spells as though they had flash. (Artifacts, legendaries, and Sagas are historic.)"
1,Ranging Raptors,"Green",3,08df7e63-65d6-4e42-8699-7510453d3100,"Creature","Enrage — Whenever this creature is dealt damage, you may search your library for a basic land card, put it onto the battlefield tapped, then shuffle."
1,Ravenous Squirrel,"Green,Black",1,fe425d81-833f-4ab9-b0e4-a1fa8ed26426,"Creature","Whenever you sacrifice an artifact or creature, put a +1/+1 counter on this creature. {1}{B}{G}, Sacrifice an artifact or creature: You gain 1 life and draw a card."
1,Reclamation Sage,"Green",3,1918ea65-ab7f-4d40-97fd-a656c892a2a1,"Creature","When this creature enters, you may destroy target artifact or enchantment."
1,Recruitment Officer,"White",1,584b96de-67ec-41e3-b8c3-3a90c5c657aa,"Creature","{3}{W}: Look at the top four cards of your library. You may reveal a creature card with mana value 3 or less from among them and put it into your hand. Put the rest on the bottom of your library in a random order."
1,Reflector Mage,"White,Blue",3,9473fe01-83f6-4432-ab01-f7953d2ca904,"Creature","When this creature enters, return target creature an opponent controls to its owner's hand. That creature's owner can't cast spells with the same name as that creature until your next turn."
1,Relentless Dead,"Black",2,2a0d7998-2f3d-43b8-a0be-6ff7e5c83223,"Creature","Menace (This creature can't be blocked except by two or more creatures.) When this creature dies, you may pay {B}. If you do, return it to its owner's hand. When this creature dies, you may pay {X}. If you do, return another target Zombie creature card with mana value X from your graveyard to the battlefield."
1,Resolute Reinforcements,"White",2,3e11ad33-b9d7-43ef-840a-61955683b599,"Creature","Flash (You may cast this spell any time you could cast an instant.) When this creature enters, create a 1/1 white Soldier creature token."
1,Rimrock Knight // Boulder Rush,"Red",2,dbcdb47f-f23b-4945-bc65-10e28502cc1c,"Creature,Instant","This creature can't block. // Target creature gets +2/+0 until end of turn. (Then exile this card. You may cast the creature later from exile.)"
1,River Hoopoe,"Green,Blue",2,2aff9aa6-bc5e-476d-9dd1-1318ed521b6f,"Creature","Flying {3}{G}{U}: You gain 2 life and draw a card."
1,Rix Maadi Reveler,"Red",2,c40396da-18e2-42ca-a78c-4838a38f68b8,"Creature","Spectacle {2}{B}{R} (You may cast this spell for its spectacle cost rather than its mana cost if an opponent lost life this turn.) When this creature enters, discard a card, then draw a card. If this creature's spectacle cost was paid, instead discard your hand, then draw three cards."
1,Saddled Rimestag,"Green",2,a0e8491f-9c51-41c0-994e-d3f0f5f6a411,"Creature","This creature gets +2/+2 as long as you had another creature enter the battlefield under your control this turn."
1,"Sai, Master Thopterist","Blue",3,2beffa94-862d-4cf1-9272-7fe0425a60e7,"Creature","Whenever you cast an artifact spell, create a 1/1 colorless Thopter artifact creature token with flying. {1}{U}, Sacrifice two artifacts: Draw a card."
1,Scorn-Blade Berserker,"Black",1,792e7386-4c2d-4fa9-b499-fa3681f2a50e,"Creature","Backup 1 (When this creature enters, put a +1/+1 counter on target creature. If that's another creature, it gains the following ability until end of turn.) {1}, Sacrifice this creature: Draw a card."
1,Scrap Trawler,"",3,38bc3e3d-f07b-4ee9-8bb6-060ac82f07eb,"Creature,Artifact","Whenever this creature dies or another artifact you control is put into a graveyard from the battlefield, return to your hand target artifact card in your graveyard with lesser mana value."
1,Scrapwork Mutt,"",2,4742800a-4872-4c2d-b884-01e0ba16950c,"Creature,Artifact","When this creature enters, you may discard a card. If you do, draw a card. Unearth {1}{R} ({1}{R}: Return this card from your graveyard to the battlefield. It gains haste. Exile it at the beginning of the next end step or if it would leave the battlefield. Unearth only as a sorcery.)"
1,Scurry Oak,"Green",3,0fb48c2e-ee0f-4fae-9c22-247870c10d5b,"Creature","Evolve (Whenever a creature you control enters, if that creature has greater power or toughness than this creature, put a +1/+1 counter on this creature.) Whenever one or more +1/+1 counters are put on this creature, you may create a 1/1 green Squirrel creature token."
1,Scuttling Sentinel,"Green,Blue",3,f3ef6061-9b3f-49cb-a09c-3567fca857d4,"Creature","Flash Vigilance When this creature enters, put a +1/+1 counter on another target creature you control. Until end of turn, that creature becomes a blue Crab in addition to its other types and gains hexproof. (It can't be the target of spells or abilities your opponents control.)"
1,Seasoned Hallowblade,"White",2,feb59931-8941-46fb-8e1c-f80ff3730dd9,"Creature","Discard a card: Tap this creature. It gains indestructible until end of turn. (Damage and effects that say ""destroy"" don't destroy it.)"
1,Selfless Spirit,"White",2,975a2d50-4230-4f13-b54e-5e0d27c7261a,"Creature","Flying Sacrifice this creature: Creatures you control gain indestructible until end of turn."
1,"Shalai, Voice of Plenty","White",4,53876046-cdb8-4157-96cd-7832d3ad2549,"Creature","Flying You, planeswalkers you control, and other creatures you control have hexproof. {4}{G}{G}: Put a +1/+1 counter on each creature you control."
1,Shardless Agent,"Green,Blue",3,b0824e77-c84b-464a-aa0c-44af5f6faa50,"Creature,Artifact","Cascade (When you cast this spell, exile cards from the top of your library until you exile a nonland card that costs less. You may cast it without paying its mana cost. Put the exiled cards on the bottom in a random order.)"
1,Shipwreck Dowser,"Blue",5,17625c3f-ed32-4475-8012-e64cbccc35b1,"Creature","Prowess (Whenever you cast a noncreature spell, this creature gets +1/+1 until end of turn.) When this creature enters, return target instant or sorcery card from your graveyard to your hand."
1,Silverfur Partisan,"Green",3,a20f5392-5cde-4326-a322-7463ec4b0515,"Creature","Trample Whenever a Wolf or Werewolf you control becomes the target of an instant or sorcery spell, create a 2/2 green Wolf creature token."
1,Simian Sling,"Red",1,37a00f95-d563-4d51-a5f2-af139261921a,"Creature,Artifact","Equipped creature gets +1/+1. Whenever this creature or equipped creature becomes blocked, it deals 1 damage to defending player. Reconfigure {2} ({2}: Attach to target creature you control; or unattach from a creature. Reconfigure only as a sorcery. While attached, this isn't a creature.)"
1,Skinrender,"Black",4,ca107d96-0351-49a9-9f65-b055c1514d7b,"Creature","When this creature enters, put three -1/-1 counters on target creature."
1,"Slimefoot, the Stowaway","Green,Black",3,cb12173d-3afb-4e8b-b612-fa7737a8c6c2,"Creature","Whenever a Saproling you control dies, Slimefoot deals 1 damage to each opponent and you gain 1 life. {4}: Create a 1/1 green Saproling creature token."
1,Sling-Gang Lieutenant,"Black",4,b419c3d8-0ea5-4a78-a647-b7e16c7f7ec5,"Creature","When this creature enters, create two 1/1 red Goblin creature tokens. Sacrifice a Goblin: Target player loses 1 life and you gain 1 life."
1,Somberwald Stag,"Green",5,6dbe1270-7300-4408-a4c8-92157a8a076f,"Creature","When this creature enters, you may have it fight target creature you don't control."
1,Soul Diviner,"Black,Blue",2,7fb66ccd-a930-4757-832c-c4b0259741e2,"Creature","{T}, Remove a counter from an artifact, creature, land, or planeswalker you control: Draw a card."
1,Spark Reaper,"Black",3,bf6f8cfe-20b1-430a-8aa8-dcaebc94ca2a,"Creature","{3}, Sacrifice a creature or planeswalker: You gain 1 life and draw a card."
1,Sparring Construct,"",1,badc7db8-386e-4fb6-aefa-591e99747eb2,"Creature,Artifact","When this creature dies, put a +1/+1 counter on target creature you control."
1,Sphinx Summoner,"Black,Blue",5,ad955c4d-248b-4468-a975-abad97cf84a4,"Creature,Artifact","Flying When this creature enters, you may search your library for an artifact creature card, reveal it, put it into your hand. then shuffle."
1,Sprite Dragon,"Red,Blue",2,361385d8-d9c7-4de8-a5c8-683e682779f4,"Creature","Flying, haste Whenever you cast a noncreature spell, put a +1/+1 counter on this creature."
1,Steel Overseer,"",2,ca078f45-b4eb-4b5b-87cb-80b6c0ba5f31,"Creature,Artifact","{T}: Put a +1/+1 counter on each artifact creature you control."
1,Sunhome Stalwart,"White",2,e7996408-52e8-4d7a-89f7-104f52d113ef,"Creature","First strike (This creature deals combat damage before creatures without first strike.) Mentor (Whenever this creature attacks, put a +1/+1 counter on target attacking creature with lesser power.)"
1,Swiftblade Vindicator,"White,Red",2,f94618ec-000c-4371-b925-05ff82bfe221,"Creature","Double strike (This creature deals both first-strike and regular combat damage.) Vigilance (Attacking doesn't cause this creature to tap.) Trample (This creature can deal excess combat damage to the player or planeswalker it's attacking.)"
1,Sylvan Advocate,"Green",2,7f5ac7ee-52e0-4c30-83cd-d27c29c19dbc,"Creature","Vigilance As long as you control six or more lands, this creature and land creatures you control get +2/+2."
1,Syndicate Trafficker,"Black",2,d89427f0-08d5-49a1-9684-ebe8769430f6,"Creature","{1}, Sacrifice an artifact: Put a +1/+1 counter on this creature. It gains indestructible until end of turn."
1,"Syr Faren, the Hengehammer","Green",2,9a8b1fea-3c5d-43d2-b4d2-e8938f3f7b9c,"Creature","Whenever Syr Faren attacks, another target attacking creature gets +X/+X until end of turn, where X is Syr Faren's power."
1,Tempest Angler,"Red,Blue",3,850daae4-f0b7-4604-95e7-ad044ec165c3,"Creature","Whenever you cast a noncreature spell, put a +1/+1 counter on this creature."
1,Territorial Hammerskull,"White",3,af5a237a-31e7-43ee-8d47-3eb12dd1a60c,"Creature","Whenever this creature attacks, tap target creature an opponent controls."
1,Thopter Mechanic,"Blue",2,282e630c-5d4a-469b-9b51-1127616dda34,"Creature","Whenever you draw your second card each turn, put a +1/+1 counter on this creature. When this creature dies, create a 1/1 colorless Thopter artifact creature token with flying."
1,Thraben Inspector,"White",1,08a5007f-06a0-40fa-a252-c38baa6b5c6f,"Creature","When this creature enters, investigate. (Create a Clue token. It's an artifact with ""{2}, Sacrifice this token: Draw a card."")"
1,Thrashing Brontodon,"Green",3,1d7fe5a9-3fb2-4ceb-8cb1-b50f328afa99,"Creature","{1}, Sacrifice this creature: Destroy target artifact or enchantment."
1,Threadbind Clique // Rip the Seams,"Blue",4,dd6ed252-c262-4062-97ba-75c50d6b5579,"Creature,Instant","Flying // Destroy target tapped creature. (Then exile this card. You may cast the creature later from exile.)"
1,Thunderous Orator,"White",2,ef3b2961-559f-42b1-be13-ff3d03e62809,"Creature","Vigilance Whenever this creature attacks, it gains flying until end of turn if you control a creature with flying. The same is true for first strike, double strike, deathtouch, indestructible, lifelink, menace, and trample."
1,Tidehollow Sculler,"White,Black",2,09521f23-52d6-482d-9f3b-c4d12fcc08cc,"Creature,Artifact","When this creature enters, target opponent reveals their hand and you choose a nonland card from it. Exile that card. When this creature leaves the battlefield, return the exiled card to its owner's hand."
1,Tolarian Terror,"Blue",7,42f01cba-43d4-46ad-b7a5-d7631b0e1347,"Creature","This spell costs {1} less to cast for each instant and sorcery card in your graveyard. Ward {2} (Whenever this creature becomes the target of a spell or ability an opponent controls, counter it unless that player pays {2}.)"
1,Toshiro Umezawa,"Black",3,0e767e07-febd-4025-bf03-d4d816bc1d3d,"Creature","Bushido 1 (Whenever this creature blocks or becomes blocked, it gets +1/+1 until end of turn.) Whenever a creature an opponent controls dies, you may cast target instant card from your graveyard. If that spell would be put into a graveyard, exile it instead."
1,"Traxos, Scourge of Kroog","",4,8566e91a-5f2c-4854-aeb3-68b3c4344582,"Creature,Artifact","Trample Traxos enters tapped and doesn't untap during your untap step. Whenever you cast a historic spell, untap Traxos. (Artifacts, legendaries, and Sagas are historic.)"
1,Tribute Mage,"Blue",3,6c180888-6acd-401b-815a-6ed434482681,"Creature","When this creature enters, you may search your library for an artifact card with mana value 2, reveal that card, put it into your hand, then shuffle."
1,Trusted Pegasus,"White",3,4ef0fcc8-a7be-4239-9a63-92e0c647de35,"Creature","Flying (This creature can't be blocked except by creatures with flying or reach.) Whenever this creature attacks, target attacking creature without flying gains flying until end of turn."
1,Undergrowth Champion,"Green",3,b4aec56c-66cb-4522-a6f6-2847172ac538,"Creature","If damage would be dealt to this creature while it has a +1/+1 counter on it, prevent that damage and remove a +1/+1 counter from this creature. Landfall — Whenever a land you control enters, put a +1/+1 counter on this creature."
1,Urban Daggertooth,"Green",4,4ab83a39-d90d-403e-b74d-fe99c8b2aacd,"Creature","Vigilance Enrage — Whenever this creature is dealt damage, proliferate. (Choose any number of permanents and/or players, then give each another counter of each kind already there.)"
1,Vault Skirge,"Black",2,f254239c-c07a-4c41-98f7-8f4de539c73e,"Creature,Artifact","({B/P} can be paid with either {B} or 2 life.) Flying Lifelink (Damage dealt by this creature also causes you to gain that much life.)"
1,Vedalken Heretic,"Green,Blue",2,5ab2ba75-e52e-46f5-8a34-3fe1e07446fd,"Creature","Whenever this creature deals damage to an opponent, you may draw a card."
1,Viscera Seer,"Black",1,d0f3a502-064e-4700-a730-2e86f985bbc3,"Creature","Sacrifice a creature: Scry 1. (Look at the top card of your library. You may put that card on the bottom.)"
1,Voice of Resurgence,"White,Green",2,99d1e843-71c9-4a65-bc36-d23858ef5ead,"Creature","Whenever an opponent casts a spell during your turn and when this creature dies, create a green and white Elemental creature token with ""This token's power and toughness are each equal to the number of creatures you control."""
1,Voldaren Epicure,"Red",1,feda6bb3-ee22-489c-bcfd-52ef04841024,"Creature","When this creature enters, it deals 1 damage to each opponent. Create a Blood token. (It's an artifact with ""{1}, {T}, Discard a card, Sacrifice this token: Draw a card."")"
1,Voyaging Satyr,"Green",2,180773da-dadc-414a-92c6-f4e13c753718,"Creature","{T}: Untap target land."
1,Waker of the Wilds,"Green",4,4124807b-15f9-46d7-8b0b-d4f1b3587d99,"Creature","{X}{G}{G}: Put X +1/+1 counters on target land you control. That land becomes a 0/0 Elemental creature with haste. It's still a land."
1,Weaponcraft Enthusiast,"Black",3,4f096976-20a0-419b-9249-1cf0cccd2eb5,"Creature","Fabricate 2 (When this creature enters, put two +1/+1 counters on it or create two 1/1 colorless Servo artifact creature tokens.)"
1,Whitemane Lion,"White",2,a358def9-65a0-4741-896c-b2a8c8947768,"Creature","Flash When this creature enters, return a creature you control to its owner's hand."
1,Winding Constrictor,"Green,Black",2,107c8aa8-c8f8-4cbf-821b-bd2cb33354f0,"Creature","If one or more counters would be put on an artifact or creature you control, that many plus one of each of those kinds of counters are put on that permanent instead. If you would get one or more counters, you get that many plus one of each of those kinds of counters instead."
1,Wingcrafter,"Blue",1,0b79a71b-568f-4700-9b1d-e7965159da0a,"Creature","Soulbond (You may pair this creature with another unpaired creature when either enters. They remain paired for as long as you control both of them.) As long as this creature is paired with another creature, both creatures have flying."
1,Woodland Champion,"Green",2,15a96cc9-ff9d-43dc-a2f3-cfacaf2cdf31,"Creature","Whenever one or more tokens you control enter, put that many +1/+1 counters on this creature."
1,Yavimaya Iconoclast,"Green",2,1b1af9be-7f5e-48e9-a6e7-9261e199812e,"Creature","Kicker {R} (You may pay an additional {R} as you cast this spell.) Trample When this creature enters, if it was kicked, it gets +1/+1 and gains haste until end of turn."
1,"Yeva, Nature's Herald","Green",4,67ff9ba3-cd2b-4970-b4da-22104b10a4a4,"Creature","Flash (You may cast this spell any time you could cast an instant.) You may cast green creature spells as though they had flash."
1,Young Pyromancer,"Red",2,8afb19df-b96a-4736-81ab-3561e2767d2d,"Creature","Whenever you cast an instant or sorcery spell, create a 1/1 red Elemental creature token."
1,Audacity,"Green",1,e51ed531-13bf-4c88-8a7c-e133038e65fb,"Enchantment","Enchant creature Enchanted creature gets +2/+0 and has trample. (It can deal excess combat damage to the player or planeswalker it's attacking.) When this Aura is put into a graveyard from the battlefield, draw a card."
1,Bitter Chill,"Blue",2,888e3c71-e21d-4e77-b1b6-09769f9cd3d6,"Enchantment","Enchant creature When this Aura enters, tap enchanted creature. Enchanted creature doesn't untap during its controller's untap step. When this Aura is put into a graveyard from the battlefield, you may pay {1}. If you do, scry 1, then draw a card."
1,Bubble Snare,"Blue",1,1bfba7a0-d5ca-4197-9e58-21f28345f1a6,"Enchantment","Kicker {2}{U} (You may pay an additional {2}{U} as you cast this spell.) Enchant creature When this Aura enters, if it was kicked, tap enchanted creature. Enchanted creature doesn't untap during its controller's untap step."
1,Captured by Lagacs,"White,Green",3,7ce1c2a8-688b-4f63-8d58-e325efc6052a,"Enchantment","Enchant creature Enchanted creature can't attack or block. When this Aura enters, support 2. (Put a +1/+1 counter on each of up to two target creatures.)"
1,Cooped Up,"White",2,8acb8758-09c5-4e19-ada1-904e36ece1fc,"Enchantment","Enchant creature Enchanted creature can't attack or block. {2}{W}: Exile enchanted creature."
1,Curiosity,"Blue",1,4b47cada-7f7d-4da9-a1a9-886fcde8f5d4,"Enchantment","Enchant creature Whenever enchanted creature deals damage to an opponent, you may draw a card."
1,Curious Inquiry,"Blue",1,5a3603c6-92df-45c7-b402-1f0a552ea398,"Enchantment","Enchant creature Enchanted creature gets +1/+1 and has ""Whenever this creature deals combat damage to a player, investigate."" (Create a Clue token. It's an artifact with ""{2}, Sacrifice this token: Draw a card."")"
1,Curious Obsession,"Blue",1,04cf3030-dc92-45ab-9c26-f2e6aef67e56,"Enchantment","Enchant creature Enchanted creature gets +1/+1 and has ""Whenever this creature deals combat damage to a player, you may draw a card."" At the beginning of your end step, if you didn't attack with a creature this turn, sacrifice this Aura."
1,Dead Weight,"Black",1,82e6b971-3f5b-47e7-8209-98d72ee781fc,"Enchantment","Enchant creature Enchanted creature gets -2/-2."
1,Fires of Yavimaya,"Green,Red",3,82538d1b-7477-4d65-8aa2-e2b4ffec8d65,"Enchantment","Creatures you control have haste. Sacrifice this enchantment: Target creature gets +2/+2 until end of turn."
1,Future Sight,"Blue",5,0856f657-6664-4e33-8615-e005cb211baf,"Enchantment","Play with the top card of your library revealed. You may play lands and cast spells from the top of your library."
1,Journey to Nowhere,"White",2,442bb671-8b23-4e3b-bf39-18152a68887e,"Enchantment","When this enchantment enters, exile target creature. When this enchantment leaves the battlefield, return the exiled card to the battlefield under its owner's control."
1,Keen Sense,"Green",1,d16e927d-0f23-4fac-9b35-3cfcb22ebc26,"Enchantment","Enchant creature Whenever enchanted creature deals damage to an opponent, you may draw a card."
1,Oblivion Ring,"White",3,1e2a73ec-39be-4d23-8c25-17d7c174dcee,"Enchantment","When this enchantment enters, exile another target nonland permanent. When this enchantment leaves the battlefield, return the exiled card to the battlefield under its owner's control."
1,Prayer of Binding,"White",4,322f90b6-6b49-458d-9d5b-b601bfdd0af8,"Enchantment","Flash When this enchantment enters, exile up to one target nonland permanent an opponent controls until this enchantment leaves the battlefield. You gain 2 life."
1,Seal of Removal,"Blue",1,6dfc7060-e374-486f-8029-d3fdfe4b61e7,"Enchantment","Sacrifice this enchantment: Return target creature to its owner's hand."
1,Sentinel's Eyes,"White",1,32adc118-b81e-48c2-b7ef-b62e8c3308d6,"Enchantment","Enchant creature Enchanted creature gets +1/+1 and has vigilance. Escape—{W}, Exile two other cards from your graveyard. (You may cast this card from your graveyard for its escape cost.)"
1,Squirrel Nest,"Green",3,bac26044-b41f-4c75-8bc1-26359250d8bc,"Enchantment","Enchant land Enchanted land has ""{T}: Create a 1/1 green Squirrel creature token."""
1,Touch the Spirit Realm,"White",3,e16ab44e-4257-4c0c-b705-8ac1e9c1d835,"Enchantment","When this enchantment enters, exile up to one target artifact or creature until this enchantment leaves the battlefield. Channel — {1}{W}, Discard this card: Exile target artifact or creature. Return it to the battlefield under its owner's control at the beginning of the next end step."
1,Weaponize the Monsters,"Red",1,68bba622-a0ab-4c0e-88b1-9120690ea5a0,"Enchantment","{2}, Sacrifice a creature: This enchantment deals 2 damage to any target."
1,Ambuscade,"Green",3,4df71162-7e8f-47c5-aff4-59d82d8c674d,"Instant","Target creature you control gets +1/+0 until end of turn. It deals damage equal to its power to target creature an opponent controls."
1,Band Together,"Green",3,500d4158-a29c-425e-a492-001061e5d286,"Instant","Up to two target creatures you control each deal damage equal to their power to another target creature."
1,Bitter Triumph,"Black",2,05bdd22c-3e11-4c29-bdfa-d3dfc0e90a9f,"Instant","As an additional cost to cast this spell, discard a card or pay 3 life. Destroy target creature or planeswalker."
1,Blazing Crescendo,"Red",2,d6bfc16a-2871-40a4-b279-636b80491a06,"Instant","Target creature gets +3/+1 until end of turn. Exile the top card of your library. Until the end of your next turn, you may play that card."
1,Blossoming Defense,"Green",1,bf65fcd0-5f4e-4e65-ac86-2f14d5c7d527,"Instant","Target creature you control gets +2/+2 and gains hexproof until end of turn. (It can't be the target of spells or abilities your opponents control.)"
1,Borrowed Hostility,"Red",1,64185203-9d47-4d67-b433-1c4b09816a35,"Instant","Escalate {3} (Pay this cost for each mode chosen beyond the first.) Choose one or both — • Target creature gets +3/+0 until end of turn. • Target creature gains first strike until end of turn."
1,Brainstorm,"Blue",1,8beb987c-1b67-4a4e-ae71-58547afad2a0,"Instant","Draw three cards, then put two cards from your hand on top of your library in any order."
1,Broken Wings,"Green",3,1d7d5b71-7c1b-4fc2-a5ec-7285e17ffe0f,"Instant","Destroy target artifact, enchantment, or creature with flying."
1,Burning Sun's Fury,"Red",2,2731e181-f59c-446c-bb86-8f93bfbb10e9,"Instant","Convoke (Your creatures can help cast this spell. Each creature you tap while casting this spell pays for {1} or one mana of that creature's color.) Up to two target creatures each get +2/+0 and gain haste until end of turn."
1,Censor,"Blue",2,4cb4e315-1a77-479a-9f15-fb23575de805,"Instant","Counter target spell unless its controller pays {1}. Cycling {U} ({U}, Discard this card: Draw a card.)"
1,Chandra's Pyrohelix,"Red",2,acc6a24c-2927-4aed-94c1-9cab2c95682e,"Instant","Chandra's Pyrohelix deals 2 damage divided as you choose among one or two targets."
1,Collective Nightmare,"Black",3,05864d3a-d8bb-4ddf-b721-883632050cb1,"Instant","Convoke (Your creatures can help cast this spell. Each creature you tap while casting this spell pays for {1} or one mana of that creature's color.) Target creature gets -3/-3 until end of turn."
1,Collision // Colossus,"Green,Red",4,9bd15da6-2b86-4dba-951d-318c7d9a5dde,"Instant,Instant","Collision deals 6 damage to target creature with flying. // Target creature gets +4/+2 and gains trample until end of turn."
1,Consider,"Blue",1,ff6f3824-3670-46e1-af43-0db405726084,"Instant","Surveil 1. (Look at the top card of your library. You may put it into your graveyard.) Draw a card."
1,Crimson Wisps,"Red",1,1e32a5c0-7ad3-453e-8980-7c8e607f47ee,"Instant","Target creature becomes red and gains haste until end of turn. (It can attack and {T} this turn.) Draw a card."
1,Curate,"Blue",2,78cd258b-431e-42f7-a938-76ebc80d528d,"Instant","Surveil 2. (Look at the top two cards of your library, then put any number of them into your graveyard and the rest on top of your library in any order.) Draw a card."
1,Cut Down,"Black",1,753db072-5d6a-4f37-8f7d-255572ecd3bd,"Instant","Destroy target creature with total power and toughness 5 or less."
1,Depose // Deploy,"White,Blue",6,0bda0b80-8a41-4001-9f60-06b1d7f9b1fa,"Instant,Instant","Tap target creature. Draw a card. // Create two 1/1 colorless Thopter artifact creature tokens with flying, then you gain 1 life for each creature you control."
1,Drag to the Underworld,"Black",4,91852444-9361-4588-a44f-fb90ba1b30e5,"Instant","This spell costs {X} less to cast, where X is your devotion to black. (Each {B} in the mana costs of permanents you control counts toward your devotion to black.) Destroy target creature."
1,Echoing Decay,"Black",2,f8e688e7-8350-4b78-bd49-a6ffdedad556,"Instant","Target creature and all other creatures with the same name as that creature get -2/-2 until end of turn."
1,Electrolyze,"Red,Blue",3,5112af09-1305-4e00-8273-403eac40786f,"Instant","Electrolyze deals 2 damage divided as you choose among one or two targets. Draw a card."
1,Eliminate,"Black",2,f8eb4087-3a4c-4de8-8e29-f4cd71acb180,"Instant","Destroy target creature or planeswalker with mana value 3 or less."
1,Elspeth's Smite,"White",1,f03a480f-de67-4611-9db7-c0c3d020f597,"Instant","Elspeth's Smite deals 3 damage to target attacking or blocking creature. If that creature would die this turn, exile it instead."
1,Emerge Unscathed,"White",1,39142d83-3361-4ba6-8547-5088508c6ef8,"Instant","Target creature you control gains protection from the color of your choice until end of turn. Rebound (If you cast this spell from your hand, exile it as it resolves. At the beginning of your next upkeep, you may cast this card from exile without paying its mana cost.)"
1,Ephemerate,"White",1,d562bd6e-6e13-4309-bf80-3c10570741bf,"Instant","Exile target creature you control, then return it to the battlefield under its owner's control. Rebound (If you cast this spell from your hand, exile it as it resolves. At the beginning of your next upkeep, you may cast this card from exile without paying its mana cost.)"
1,Essence Scatter,"Blue",2,b7ad4441-e300-4267-bedb-4ae6a64f59cd,"Instant","Counter target creature spell."
1,Exclude,"Blue",3,014bc5a5-4483-42e9-9c14-1ad229b28eb7,"Instant","Counter target creature spell. Draw a card."
1,Expedite,"Red",1,44072f87-3a99-49dd-9709-85aa83d4819f,"Instant","Target creature gains haste until end of turn. Draw a card."
1,Fading Hope,"Blue",1,502beb34-279f-4c75-bb95-6b9aba94ab6f,"Instant","Return target creature to its owner's hand. If its mana value was 3 or less, scry 1. (Look at the top card of your library. You may put that card on the bottom.)"
1,Feat of Resistance,"White",2,f8d0c984-a5e8-4969-b8df-01d99bb9b84c,"Instant","Put a +1/+1 counter on target creature you control. It gains protection from the color of your choice until end of turn. (It can't be blocked, targeted, dealt damage, enchanted, or equipped by anything of that color.)"
1,Fiery Temper,"Red",3,61caf82d-e077-4931-a6ad-09fa7f04b36f,"Instant","Fiery Temper deals 3 damage to any target. Madness {R} (If you discard this card, discard it into exile. When you do, cast it for its madness cost or put it into your graveyard.)"
1,Fire Prophecy,"Red",2,e308e3e4-9c14-4359-b510-79a3108de14f,"Instant","Fire Prophecy deals 3 damage to target creature. You may put a card from your hand on the bottom of your library. If you do, draw a card."
1,Fists of Flame,"Red",2,45c118b4-7460-4a96-8a54-3c5974232203,"Instant","Draw a card. Until end of turn, target creature gains trample and gets +1/+0 for each card you've drawn this turn. (A creature with trample can deal excess combat damage to the player or planeswalker it's attacking.)"
1,Flourishing Strike,"Green",2,9c4b23a5-d997-4f02-b136-44ee7be51c7b,"Instant","Choose one — • Flourishing Strike deals 5 damage to target creature with flying. • Target creature gets +3/+3 until end of turn. Entwine {2}{G} (Choose both if you pay the entwine cost.)"
1,Flowstone Infusion,"Red",1,b57c3674-9a31-4418-b306-e6b0a2514d8f,"Instant","Target creature gets +2/-2 until end of turn."
1,Frantic Search,"Blue",3,0eb00e3c-b67a-44c7-ae61-23ecf4d4971a,"Instant","Draw two cards, then discard two cards. Untap up to three lands."
1,Fungal Infection,"Black",1,727a589a-2248-478f-825f-932bfb456675,"Instant","Target creature gets -1/-1 until end of turn. Create a 1/1 green Saproling creature token."
1,Fungal Rebirth,"Green",3,4037e3b2-cb62-4f88-943d-3edcd6827c23,"Instant","Return target permanent card from your graveyard to your hand. If a creature died this turn, create two 1/1 green Saproling creature tokens."
1,Giant Growth,"Green",1,fb7d7036-fffe-4b55-a8ba-494f4513ba1c,"Instant","Target creature gets +3/+3 until end of turn."
1,Goblin Wizardry,"Red",4,04d250d6-7ab1-4b30-85a4-acb0b620629c,"Instant","Create two 1/1 red Goblin Wizard creature tokens with prowess. (Whenever you cast a noncreature spell, they get +1/+1 until end of turn.)"
1,Grasp of Darkness,"Black",2,7737b578-8ae3-4846-b508-93ef40f25244,"Instant","Target creature gets -4/-4 until end of turn."
1,Heartfire,"Red",2,af482a14-a144-4e60-bd04-a548a3c89f5a,"Instant","As an additional cost to cast this spell, sacrifice a creature or planeswalker. Heartfire deals 4 damage to any target."
1,Integrity // Intervention,"White,Red",5,54756398-5217-4771-b647-15920cf23fe5,"Instant,Instant","Target creature gets +2/+2 until end of turn. // Intervention deals 3 damage to any target and you gain 3 life."
1,Into the Roil,"Blue",2,f3463be0-df9e-4cb9-a90f-5d9d2ee729e0,"Instant","Kicker {1}{U} (You may pay an additional {1}{U} as you cast this spell.) Return target nonland permanent to its owner's hand. If this spell was kicked, draw a card."
1,Lash of Malice,"Black",1,af3da2c6-29ed-4563-8bae-d1cc05df8897,"Instant","Target creature gets +2/-2 until end of turn."
1,Lava Dart,"Red",1,b16dd041-451d-4914-8c46-aa315a90d802,"Instant","Lava Dart deals 1 damage to any target. Flashback—Sacrifice a Mountain. (You may cast this card from your graveyard for its flashback cost. Then exile it.)"
1,Lightning Strike,"Red",2,5787b0e0-9469-4a6d-8b81-c992628e28c0,"Instant","Lightning Strike deals 3 damage to any target."
1,Magma Jet,"Red",2,2975ce11-589a-4da8-a016-854bbaeb869c,"Instant","Magma Jet deals 2 damage to any target. Scry 2."
1,Magmatic Sinkhole,"Red",6,94db1674-d72b-4c1f-b436-490e5363bee7,"Instant","Delve (Each card you exile from your graveyard while casting this spell pays for {1}.) Magmatic Sinkhole deals 5 damage to target creature or planeswalker."
1,Make Disappear,"Blue",2,3f2d6a21-ea77-484b-9e3a-1bd49806f907,"Instant","Casualty 1 (As you cast this spell, you may sacrifice a creature with power 1 or greater. When you do, copy this spell and you may choose a new target for the copy.) Counter target spell unless its controller pays {2}."
1,Murder,"Black",3,2c249609-9cf7-46f1-b94c-9329add966bb,"Instant","Destroy target creature."
1,Nature's Chant,"White,Green",2,9a17cbf6-3f38-4bc6-8448-881e19cffe06,"Instant","Destroy target artifact or enchantment."
1,Negate,"Blue",2,81752db1-374e-4723-b695-a2f4a634dfc6,"Instant","Counter target noncreature spell."
1,Neutralize,"Blue",3,3a897be4-95e2-4fab-bd08-565afe19533b,"Instant","Counter target spell. Cycling {2} ({2}, Discard this card: Draw a card.)"
1,Ob Nixilis's Cruelty,"Black",3,a4832271-ba68-4bed-a0ee-9da4bc3bedaa,"Instant","Target creature gets -5/-5 until end of turn. If that creature would die this turn, exile it instead."
1,Opt,"Blue",1,cfbaff99-ac81-4386-9a7c-ab6d7b72eb3a,"Instant","Scry 1. (Look at the top card of your library. You may put that card on the bottom.) Draw a card."
1,Peerless Recycling,"Green",2,5f72466c-505b-4371-9366-0fde525a37e6,"Instant","Gift a card (You may promise an opponent a gift as you cast this spell. If you do, they draw a card before its other effects.) Return target permanent card from your graveyard to your hand. If the gift was promised, instead return two target permanent cards from your graveyard to your hand."
1,Prepare // Fight,"White,Green",6,f59ea6f6-2dff-4e58-9166-57cac03f1d0a,"Instant,Sorcery","Untap target creature. It gets +2/+2 and gains lifelink until end of turn. // Aftermath (Cast this spell only from your graveyard. Then exile it.) Target creature you control fights target creature an opponent controls."
1,Protect the Negotiators,"Blue",2,bb6db604-8bbe-4719-88bd-f3cad8c4725d,"Instant","Kicker {W} (You may pay an additional {W} as you cast this spell.) If this spell was kicked, create a 1/1 white Soldier creature token. Counter target spell unless its controller pays {1} for each creature you control."
1,Putrefy,"Green,Black",3,3759f873-e5a1-46ab-8a60-e907d3c633de,"Instant","Destroy target artifact or creature. It can't be regenerated."
1,Quench,"Blue",2,1779a6c5-147d-4632-b1d9-95e89a64dc2c,"Instant","Counter target spell unless its controller pays {2}."
1,Quick Study,"Blue",3,b78e2bca-bc93-464a-8911-8361abff2ac6,"Instant","Draw two cards."
1,Quicken,"Blue",1,67751745-61c9-488f-b5b3-310c0bafdda7,"Instant","The next sorcery spell you cast this turn can be cast as though it had flash. (It can be cast any time you could cast an instant.) Draw a card."
1,Radical Idea,"Blue",2,aa32ec44-d29b-4ebe-82f5-4fe67bca07eb,"Instant","Draw a card. Jump-start (You may cast this card from your graveyard by discarding a card in addition to paying its other costs. Then exile this card.)"
1,Rain of Revelation,"Blue",4,da367981-9d6f-419f-9f58-f969b6183336,"Instant","Draw three cards, then discard a card."
1,Reckless Rage,"Red",1,0e4b97a3-8f6f-461e-aa55-ab752752f539,"Instant","Reckless Rage deals 4 damage to target creature you don't control and 2 damage to target creature you control."
1,Refute,"Blue",3,38806934-dd9c-4ad4-a59c-a16dce03a14a,"Instant","Counter target spell. Draw a card, then discard a card."
1,Remand,"Blue",2,36de9999-8d0a-4174-8e38-549bacdc128b,"Instant","Counter target spell. If that spell is countered this way, put it into its owner's hand instead of into that player's graveyard. Draw a card."
1,Repulse,"Blue",3,b23bb656-706e-4cf0-834d-82bffe29db2a,"Instant","Return target creature to its owner's hand. Draw a card."
1,Shelter,"White",2,1f4fedc9-6dd1-4190-a0c9-e9d10fd91315,"Instant","Target creature you control gains protection from the color of your choice until end of turn. Draw a card."
1,Shock,"Red",1,760b41a1-c087-4b11-b8a0-fb01d8a4c0c6,"Instant","Shock deals 2 damage to any target."
1,Snakeskin Veil,"Green",1,6cc4c21d-9bdc-4490-9203-17f51db0ddd1,"Instant","Put a +1/+1 counter on target creature you control. It gains hexproof until end of turn. (It can't be the target of spells or abilities your opponents control.)"
1,Syncopate,"Blue",1,9aebd769-7ae3-4dac-81ea-458061762cce,"Instant","Counter target spell unless its controller pays {X}. If that spell is countered this way, exile it instead of putting it into its owner's graveyard."
1,Tail Swipe,"Green",1,003a01aa-ed73-4da9-86c2-e4ecf7633c5f,"Instant","Choose target creature you control and target creature you don't control. If you cast this spell during your main phase, the creature you control gets +1/+1 until end of turn. Then those creatures fight each other. (Each deals damage equal to its power to the other.)"
1,Thirst for Knowledge,"Blue",3,446ccc7a-fc2d-4e81-b782-31137119db00,"Instant","Draw three cards. Then discard two cards unless you discard an artifact card."
1,Thrash // Threat,"Green,Red",6,9715dce0-dcb5-4614-8404-97f72f06342e,"Instant,Sorcery","Target creature you control deals damage equal to its power to target creature or planeswalker you don't control. // Create a 4/4 red and green Beast creature token with trample."
1,Thrill of Possibility,"Red",2,f4af156d-0fbf-4a4e-b0c1-db7e95be4903,"Instant","As an additional cost to cast this spell, discard a card. Draw two cards."
1,Ulcerate,"Black",1,cb987986-b53b-4441-a2c6-e70c23b2ed7f,"Instant","Target creature gets -3/-3 until end of turn. You lose 3 life."
1,Valorous Stance,"White",2,04762c85-d25d-4120-adec-8681adcf581a,"Instant","Choose one — • Target creature gains indestructible until end of turn. (Damage and effects that say ""destroy"" don't destroy it.) • Destroy target creature with toughness 4 or greater."
1,Village Rites,"Black",1,f990e5c1-7df4-4eaf-a01b-67f858064e5e,"Instant","As an additional cost to cast this spell, sacrifice a creature. Draw two cards."
1,Volt Charge,"Red",3,73d74045-cc9b-4b01-bc5f-0f2eb4b01580,"Instant","Volt Charge deals 3 damage to any target. Proliferate. (Choose any number of permanents and/or players, then give each another counter of each kind already there.)"
1,Warrant // Warden,"White,Blue",7,7e565adc-32ec-4ba8-9220-1239c373f84f,"Instant,Sorcery","Put target attacking or blocking creature on top of its owner's library. // Create a 4/4 white and blue Sphinx creature token with flying and vigilance."
1,Access Tunnel,"",0,4bef5957-71a4-4fe0-b2ce-dff8e8690bd9,"Land","{T}: Add {C}. {3}, {T}: Target creature with power 3 or less can't be blocked this turn."
4,Ash Barrens,"",0,f5314520-b8af-4416-b57c-74388542ecb6,"Land","{T}: Add {C}. Basic landcycling {1} ({1}, Discard this card: Search your library for a basic land card, reveal it, put it into your hand, then shuffle.)"
1,Azorius Chancery,"",0,50ef0ac3-e911-4d67-a751-8d86160ae843,"Land","This land enters tapped. When this land enters, return a land you control to its owner's hand. {T}: Add {W}{U}."
1,Battlefield Forge,"",0,a2de3346-9647-4540-ba41-e67c24ddf141,"Land","{T}: Add {C}. {T}: Add {R} or {W}. This land deals 1 damage to you."
1,Blinkmoth Nexus,"",0,765fad0a-50fe-4e19-87a1-c3ec70937f61,"Land","{T}: Add {C}. {1}: This land becomes a 1/1 Blinkmoth artifact creature with flying until end of turn. It's still a land. {1}, {T}: Target Blinkmoth creature gets +1/+1 until end of turn."
1,Canyon Slough,"",0,5d89a57c-d982-4d1d-beca-14f156b8c3e7,"Land","({T}: Add {B} or {R}.) This land enters tapped. Cycling {2} ({2}, Discard this card: Draw a card.)"
1,Caves of Koilos,"",0,875fad57-4048-47ef-93c3-5cfa2fcee360,"Land","{T}: Add {C}. {T}: Add {W} or {B}. This land deals 1 damage to you."
1,Celestial Colonnade,"",0,f5d71183-509f-40b8-85af-8f118cad5c13,"Land","This land enters tapped. {T}: Add {W} or {U}. {3}{W}{U}: Until end of turn, this land becomes a 4/4 white and blue Elemental creature with flying and vigilance. It's still a land."
1,Commercial District,"",0,bf220c06-3cce-4bdd-aa58-83940c223e9c,"Land","({T}: Add {R} or {G}.) This land enters tapped. When this land enters, surveil 1. (Look at the top card of your library. You may put it into your graveyard.)"
1,Creeping Tar Pit,"",0,254a6531-7cf7-4c74-9050-65fe4b273744,"Land","This land enters tapped. {T}: Add {U} or {B}. {1}{U}{B}: Until end of turn, this land becomes a 3/2 blue and black Elemental creature. It's still a land. It can't be blocked this turn."
1,Dimir Aqueduct,"",0,012b9371-45e0-4e06-ad7a-4c52d1d38262,"Land","This land enters tapped. When this land enters, return a land you control to its owner's hand. {T}: Add {U}{B}."
1,Elegant Parlor,"",0,72c6d541-e2cb-4d6e-acac-90a8f53b7006,"Land","({T}: Add {R} or {W}.) This land enters tapped. When this land enters, surveil 1. (Look at the top card of your library. You may put it into your graveyard.)"
8,Evolving Wilds,"",0,31181bd2-3a1f-4cb9-ba30-637ac479133a,"Land","{T}, Sacrifice this land: Search your library for a basic land card, put it onto the battlefield tapped, then shuffle."
1,Faerie Conclave,"",0,8f4ab639-b439-462e-acc3-69b5d6bb29da,"Land","This land enters tapped. {T}: Add {U}. {1}{U}: This land becomes a 2/1 blue Faerie creature with flying until end of turn. It's still a land."
1,Fetid Pools,"",0,d036dfb9-7da2-4375-83ee-b01eb95b64e6,"Land","({T}: Add {U} or {B}.) This land enters tapped. Cycling {2} ({2}, Discard this card: Draw a card.)"
1,Fiery Islet,"",0,daf68138-63c1-4201-998c-eb412463f664,"Land","{T}, Pay 1 life: Add {U} or {R}. {1}, {T}, Sacrifice this land: Draw a card."
1,Fire-Lit Thicket,"",0,bcab849e-336d-490f-8dd2-0936fba2afbe,"Land","{T}: Add {C}. {R/G}, {T}: Add {R}{R}, {R}{G}, or {G}{G}."
1,Golgari Rot Farm,"",0,902d9c56-5c72-4df8-83e4-ee252fc97443,"Land","This land enters tapped. When this land enters, return a land you control to its owner's hand. {T}: Add {B}{G}."
1,Gruul Turf,"",0,a8ce122f-5424-4ac0-9d39-95d48e3d5049,"Land","This land enters tapped. When this land enters, return a land you control to its owner's hand. {T}: Add {R}{G}."
1,Hedge Maze,"",0,5260f8ae-805b-4eae-badf-62de0f768867,"Land","({T}: Add {G} or {U}.) This land enters tapped. When this land enters, surveil 1. (Look at the top card of your library. You may put it into your graveyard.)"
1,Horizon Canopy,"",0,3cf2baad-0160-419d-bba5-f4f35596aa61,"Land","{T}, Pay 1 life: Add {G} or {W}. {1}, {T}, Sacrifice this land: Draw a card."
1,Inspiring Vantage,"",0,85df6b6a-2dcf-4828-a4a8-e07d52e1fddd,"Land","This land enters tapped unless you control two or fewer other lands. {T}: Add {R} or {W}."
1,Izzet Boilerworks,"",0,61ba2759-a3d8-45f8-b31e-d8789bde0f4f,"Land","This land enters tapped. When this land enters, return a land you control to its owner's hand. {T}: Add {U}{R}."
1,Lumbering Falls,"",0,f7e9db98-3a2d-46d8-a07f-99d66a4d9f2f,"Land","This land enters tapped. {T}: Add {G} or {U}. {2}{G}{U}: Until end of turn, this land becomes a 3/3 green and blue Elemental creature with hexproof. It's still a land."
1,Meticulous Archive,"",0,652236c2-84ef-45e4-b5fc-ed6170bc3d6c,"Land","({T}: Add {W} or {U}.) This land enters tapped. When this land enters, surveil 1. (Look at the top card of your library. You may put it into your graveyard.)"
1,Mishra's Factory,"",0,f0f292de-238a-4b19-a6da-f164158b79dc,"Land","{T}: Add {C}. {1}: This land becomes a 2/2 Assembly-Worker artifact creature until end of turn. It's still a land. {T}: Target Assembly-Worker creature gets +1/+1 until end of turn."
1,Mutavault,"",0,486ed038-2c25-4caf-8240-63674a6f767d,"Land","{T}: Add {C}. {1}: This land becomes a 2/2 creature with all creature types until end of turn. It's still a land."
1,Nurturing Peatland,"",0,2744ac83-a79f-4042-8720-688b5adda382,"Land","{T}, Pay 1 life: Add {B} or {G}. {1}, {T}, Sacrifice this land: Draw a card."
1,Orzhov Basilica,"",0,7c14375a-98c1-4e57-bf0d-1bea89a6bbd9,"Land","This land enters tapped. When this land enters, return a land you control to its owner's hand. {T}: Add {W}{B}."
1,Prismari Campus,"",0,768120f5-9401-4e52-924e-3374bde65b3d,"Land","This land enters tapped. {T}: Add {U} or {R}. {4}, {T}: Scry 1."
1,Raging Ravine,"",0,da09a99b-af20-4294-a4a6-cb000dae9d73,"Land","This land enters tapped. {T}: Add {R} or {G}. {2}{R}{G}: Until end of turn, this land becomes a 3/3 red and green Elemental creature with ""Whenever this creature attacks, put a +1/+1 counter on it."" It's still a land."
1,Rakdos Carnarium,"",0,0670934a-b240-4be6-aebc-483b1332ea84,"Land","This land enters tapped. When this land enters, return a land you control to its owner's hand. {T}: Add {B}{R}."
1,Raucous Theater,"",0,b598c93e-dae1-4d71-a9e4-917abf76d2d0,"Land","({T}: Add {B} or {R}.) This land enters tapped. When this land enters, surveil 1. (Look at the top card of your library. You may put it into your graveyard.)"
1,Razortide Bridge,"",0,e7ea7395-430e-4036-92c9-17a850ec2371,"Artifact,Land","This land enters tapped. Indestructible {T}: Add {W} or {U}."
1,Rugged Prairie,"",0,3d575770-cb81-4353-b49e-cdaca7a5162f,"Land","{T}: Add {C}. {R/W}, {T}: Add {R}{R}, {R}{W}, or {W}{W}."
1,Sacred Foundry,"",0,8b4e2642-3c87-4708-b9b4-2e7f7359ac7d,"Land","({T}: Add {R} or {W}.) As this land enters, you may pay 2 life. If you don't, it enters tapped."
1,Selesnya Sanctuary,"",0,8e5bb089-a231-4d8a-a02a-296152cf5b4d,"Land","This land enters tapped. When this land enters, return a land you control to its owner's hand. {T}: Add {G}{W}."
1,Shadowy Backstreet,"",0,69c1b656-1d67-499c-bf0f-417682a86c7d,"Land","({T}: Add {W} or {B}.) This land enters tapped. When this land enters, surveil 1. (Look at the top card of your library. You may put it into your graveyard.)"
1,Shelldock Isle,"",0,4216656e-90e8-45fc-a0f6-0d0d79d0a021,"Land","Hideaway 4 (When this land enters, look at the top four cards of your library, exile one face down, then put the rest on the bottom in a random order.) This land enters tapped. {T}: Add {U}. {U}, {T}: You may play the exiled card without paying its mana cost if a library has twenty or fewer cards in it."
1,Silent Clearing,"",0,ac07e230-0297-4e1d-bdfe-119010e0ad8e,"Land","{T}, Pay 1 life: Add {W} or {B}. {1}, {T}, Sacrifice this land: Draw a card."
1,Simic Growth Chamber,"",0,27ba2a33-a9f2-414c-889b-d80b175bec92,"Land","This land enters tapped. When this land enters, return a land you control to its owner's hand. {T}: Add {G}{U}."
1,Stirring Wildwood,"",0,75ea63a8-3046-4578-a190-72efa34f8d88,"Land","This land enters tapped. {T}: Add {G} or {W}. {1}{G}{W}: Until end of turn, this land becomes a 3/4 green and white Elemental creature with reach. It's still a land."
1,Stomping Ground,"",0,69be21b4-c613-47c6-ba57-f4785861af3e,"Land","({T}: Add {R} or {G}.) As this land enters, you may pay 2 life. If you don't, it enters tapped."
1,Sulfurous Springs,"",0,eedb9df2-20d3-4cfd-8aed-336edc37d5a9,"Land","{T}: Add {C}. {T}: Add {B} or {R}. This land deals 1 damage to you."
1,Sunbaked Canyon,"",0,6da58ad9-3584-4881-9c98-f60cd09fc519,"Land","{T}, Pay 1 life: Add {R} or {W}. {1}, {T}, Sacrifice this land: Draw a card."
1,Temple Garden,"",0,34a3039d-46cd-4a51-b726-6eb0b485c9c5,"Land","({T}: Add {G} or {W}.) As this land enters, you may pay 2 life. If you don't, it enters tapped."
1,Thundering Falls,"",0,17260fff-b239-4af4-9306-3236ae3fa5a5,"Land","({T}: Add {U} or {R}.) This land enters tapped. When this land enters, surveil 1. (Look at the top card of your library. You may put it into your graveyard.)"
1,Treetop Village,"",0,3e9d39df-aaab-4733-b7c4-f33c9b4fb10c,"Land","This land enters tapped. {T}: Add {G}. {1}{G}: This land becomes a 3/3 green Ape creature with trample until end of turn. It's still a land. (It can deal excess combat damage to the player or planeswalker it's attacking.)"
1,Undercity Sewers,"",0,2b5801fb-2026-4f25-98bc-ebb2f99684b9,"Land","({T}: Add {U} or {B}.) This land enters tapped. When this land enters, surveil 1. (Look at the top card of your library. You may put it into your graveyard.)"
1,Underground Mortuary,"",0,f6ca59cd-8779-4a84-a54b-e863b79c61f0,"Land","({T}: Add {B} or {G}.) This land enters tapped. When this land enters, surveil 1. (Look at the top card of your library. You may put it into your graveyard.)"
1,Waterlogged Grove,"",0,46931098-ae3c-409a-8789-7071205e11ee,"Land","{T}, Pay 1 life: Add {G} or {U}. {1}, {T}, Sacrifice this land: Draw a card."
1,Witherbloom Campus,"",0,7346fb2e-754e-47de-b33d-eb089b357ee4,"Land","This land enters tapped. {T}: Add {B} or {G}. {4}, {T}: Scry 1."
1,Wooded Bastion,"",0,4040f465-9220-4e5d-98ff-7a13cec2dba2,"Land","{T}: Add {C}. {G/W}, {T}: Add {G}{G}, {G}{W}, or {W}{W}."
1,"Angrath, Captain of Chaos","Red,Black",4,d4d21c37-c468-4501-8d75-e8a7ad85153b,"Planeswalker","Creatures you control have menace. −2: Amass Zombies 2. (Put two +1/+1 counters on an Army you control. It's also a Zombie. If you don't control an Army, create a 0/0 black Zombie Army creature token first.)"
1,Jace Beleren,"Blue",3,4c9522ec-840d-49e7-b895-90b0d2083742,"Planeswalker","+2: Each player draws a card. −1: Target player draws a card. −10: Target player mills twenty cards."
1,"Kasmina, Enigmatic Mentor","Blue",4,c77d9454-a78c-4063-ad66-46b2f5a030aa,"Planeswalker","Spells your opponents cast that target a creature or planeswalker you control cost {2} more to cast. −2: Create a 2/2 blue Wizard creature token. Draw a card, then discard a card."
1,"Saheeli, Sublime Artificer","Red,Blue",3,2e7329c4-5803-43f0-a4b5-306fb77923b7,"Planeswalker","Whenever you cast a noncreature spell, create a 1/1 colorless Servo artifact creature token. −2: Target artifact you control becomes a copy of another target artifact or creature you control until end of turn, except it's an artifact in addition to its other types."
1,"Vivien, Champion of the Wilds","Green",3,e11dc967-ae38-4c19-bf54-b3209e203b39,"Planeswalker","You may cast creature spells as though they had flash. +1: Until your next turn, up to one target creature gains vigilance and reach. −2: Look at the top three cards of your library. Exile one face down and put the rest on the bottom of your library in any order. For as long as it remains exiled, you may cast it if it's a creature spell."
1,Abundant Harvest,"Green",1,516e137a-d9d9-4ba7-89fb-e680ddb2c2d1,"Sorcery","Choose land or nonland. Reveal cards from the top of your library until you reveal a card of the chosen kind. Put that card into your hand and the rest on the bottom of your library in a random order."
1,Aggressive Sabotage,"Black",3,ac809fca-664a-4e7d-a39f-2bc1dea0fbd8,"Sorcery","Kicker {R} (You may pay an additional {R} as you cast this spell.) Target player discards two cards. If this spell was kicked, it deals 3 damage to that player."
1,Arc Lightning,"Red",3,c96acf23-66d9-465e-8534-8bdcd75a9366,"Sorcery","Arc Lightning deals 3 damage divided as you choose among one, two, or three targets."
1,Avacyn's Judgment,"Red",2,2642eb44-becf-4e99-934f-7241fcc32dee,"Sorcery","Madness {X}{R} (If you discard this card, discard it into exile. When you do, cast it for its madness cost or put it into your graveyard.) Avacyn's Judgment deals 2 damage divided as you choose among any number of targets. If this spell's madness cost was paid, it deals X damage divided as you choose among those permanents and/or players instead."
1,Blood for Bones,"Black",4,7892b516-0dce-491f-8b42-031d64397e26,"Sorcery","As an additional cost to cast this spell, sacrifice a creature. Return a creature card from your graveyard to the battlefield, then return another creature card from your graveyard to your hand."
1,Bloodchief's Thirst,"Black",1,7aeaa32a-5a01-4d2d-a4a2-7d95e976fa77,"Sorcery","Kicker {2}{B} (You may pay an additional {2}{B} as you cast this spell.) Destroy target creature or planeswalker with mana value 2 or less. If this spell was kicked, instead destroy target creature or planeswalker."
1,Bone Shards,"Black",1,1ee98955-4c47-4d45-9377-608dfa755337,"Sorcery","As an additional cost to cast this spell, sacrifice a creature or discard a card. Destroy target creature or planeswalker."
1,Bushwhack,"Green",1,f6b92766-1ab8-462d-bd45-ccd6f55cbe14,"Sorcery","Choose one — • Search your library for a basic land card, reveal it, put it into your hand, then shuffle. • Target creature you control fights target creature you don't control. (Each deals damage equal to its power to the other.)"
1,By Invitation Only,"White",5,46764e49-64da-4a94-b61c-75e006b2c5a9,"Sorcery","Choose a number between 0 and 13. Each player sacrifices that many creatures of their choice."
1,Call of the Herd,"Green",3,892cd7b7-58d0-4bc4-a904-4b64fadd7f3c,"Sorcery","Create a 3/3 green Elephant creature token. Flashback {3}{G} (You may cast this card from your graveyard for its flashback cost. Then exile it.)"
1,Claim the Firstborn,"Red",1,feaf1e6c-c7d9-4ac7-9aeb-c4b5d61548ec,"Sorcery","Gain control of target creature with mana value 3 or less until end of turn. Untap that creature. It gains haste until end of turn."
1,Discovery // Dispersal,"Black,Blue",7,5b08b019-796b-4304-806f-59bf7d22b729,"Sorcery,Instant","Surveil 2, then draw a card. (To surveil 2, look at the top two cards of your library, then put any number of them into your graveyard and the rest on top of your library in any order.) // Each opponent returns a nonland permanent they control with the greatest mana value among permanents they control to its owner's hand, then discards a card."
1,Domri's Ambush,"Green,Red",2,b0dcae59-e9be-45a8-8ed8-5b47309bb716,"Sorcery","Put a +1/+1 counter on target creature you control. Then that creature deals damage equal to its power to target creature or planeswalker you don't control."
1,Drown in Ichor,"Black",2,bf148ef4-0ed7-4fbe-8ab6-01dd3981c8d3,"Sorcery","Target creature gets -4/-4 until end of turn. Proliferate. (Choose any number of permanents and/or players, then give each another counter of each kind already there.)"
1,Drown in Sorrow,"Black",3,4512357b-0d08-4996-9301-5853eae1ea64,"Sorcery","All creatures get -2/-2 until end of turn. Scry 1. (Look at the top card of your library. You may put that card on the bottom.)"
1,Dryad's Revival,"Green",3,5c0aa3eb-0aa8-42da-b437-a3f336df585d,"Sorcery","Return target card from your graveyard to your hand. Flashback {4}{G} (You may cast this card from your graveyard for its flashback cost. Then exile it.)"
1,Duress,"Black",1,3557e601-9b71-4ce9-9047-1a8baa72e574,"Sorcery","Target opponent reveals their hand. You choose a noncreature, nonland card from it. That player discards that card."
1,Eliminate the Competition,"Black",5,e6e54953-0d6d-4f65-85cb-d26e66a76dce,"Sorcery","As an additional cost to cast this spell, sacrifice X creatures. Destroy X target creatures."
1,Emergent Sequence,"Green",2,04a81975-5f0e-4593-a2da-b9689f9a985f,"Sorcery","Search your library for a basic land card, put it onto the battlefield tapped, then shuffle. That land becomes a 0/0 green and blue Fractal creature that's still a land. Put a +1/+1 counter on it for each land you had enter the battlefield under your control this turn."
1,Feed the Swarm,"Black",2,57a77cbc-cbe9-44b4-9651-6967a02c7e75,"Sorcery","Destroy target creature or enchantment an opponent controls. You lose life equal to that permanent's mana value."
1,Gird for Battle,"White",1,eb2a0cdf-2383-469a-bd5e-56393c4ccfcc,"Sorcery","Put a +1/+1 counter on each of up to two target creatures."
1,Go for Blood,"Red",2,40185b55-7693-429f-8d0a-2853d6beda90,"Sorcery","Target creature you control fights target creature you don't control. (Each deals damage equal to its power to the other.) Cycling {1} ({1}, Discard this card: Draw a card.)"
1,Graceful Restoration,"White,Black",5,f03d7c3c-02f2-4c42-bcfa-0b83de30f607,"Sorcery","Choose one — • Return target creature card from your graveyard to the battlefield with an additional +1/+1 counter on it. • Return up to two target creature cards with power 2 or less from your graveyard to the battlefield."
1,Heroic Reinforcements,"White,Red",4,912a87f7-208d-4312-ba37-7a844b9c89ab,"Sorcery","Create two 1/1 white Soldier creature tokens. Until end of turn, creatures you control get +1/+1 and gain haste. (They can attack and {T} this turn.)"
1,Kari Zev's Expertise,"Red",3,ab5c7400-6307-4c51-88b8-9c0232110714,"Sorcery","Gain control of target creature or Vehicle until end of turn. Untap it. It gains haste until end of turn. You may cast a spell with mana value 2 or less from your hand without paying its mana cost."
1,Launch the Fleet,"White",1,bc3e52c0-2f79-4537-8f1c-70b68836bac0,"Sorcery","Strive — This spell costs {1} more to cast for each target beyond the first. Until end of turn, any number of target creatures each gain ""Whenever this creature attacks, create a 1/1 white Soldier creature token that's tapped and attacking."""
1,Lava Coil,"Red",2,802c39df-4b92-4acc-92f9-bebd3d405471,"Sorcery","Lava Coil deals 4 damage to target creature. If that creature would die this turn, exile it instead."
1,Macabre Waltz,"Black",2,4d1f3c84-89ba-4426-a80b-d524f172c912,"Sorcery","Return up to two target creature cards from your graveyard to your hand, then discard a card."
1,Oust,"White",1,2c655916-08fc-4971-be2a-1e33bf8b22f3,"Sorcery","Put target creature into its owner's library second from the top. Its controller gains 3 life."
1,Planar Outburst,"White",5,3d45dfee-810e-4359-96ad-8d423ab86178,"Sorcery","Destroy all nonland creatures. Awaken 4—{5}{W}{W}{W} (If you cast this spell for {5}{W}{W}{W}, also put four +1/+1 counters on target land you control and it becomes a 0/0 Elemental creature with haste. It's still a land.)"
1,Push // Pull,"White,Red,Black",8,85835473-b9b6-4f4a-bb93-fef93d5ec57b,"Sorcery,Sorcery","Destroy target tapped creature. // Put up to two target creature cards from a single graveyard onto the battlefield under your control. They gain haste until end of turn. Sacrifice them at the beginning of the next end step."
1,Read the Bones,"Black",3,b3198f96-f9d8-494f-a556-24ce3ad3895d,"Sorcery","Scry 2, then draw two cards. You lose 2 life. (To scry 2, look at the top two cards of your library, then put any number of them on the bottom and the rest on top in any order.)"
1,Reckless Charge,"Red",1,5bad216a-66d3-46a6-ba05-db7e082d0dc5,"Sorcery","Target creature gets +3/+0 and gains haste until end of turn. Flashback {2}{R} (You may cast this card from your graveyard for its flashback cost. Then exile it.)"
1,Rout,"White",5,272e01b0-3653-47c4-ac28-e54c1778753f,"Sorcery","You may cast this spell as though it had flash if you pay {2} more to cast it. (You may cast it any time you could cast an instant.) Destroy all creatures. They can't be regenerated."
1,Saproling Migration,"Green",2,52589a1d-bb98-4af2-8813-8598fb20b4f2,"Sorcery","Kicker {4} (You may pay an additional {4} as you cast this spell.) Create two 1/1 green Saproling creature tokens. If this spell was kicked, create four of those tokens instead."
1,Serum Visions,"Blue",1,5b75eb6b-d76c-4b92-b042-13493f9ef164,"Sorcery","Draw a card. Scry 2."
1,Terminal Agony,"Red,Black",4,314e94ad-0e12-48bb-aae1-2c842943114a,"Sorcery","Destroy target creature. Madness {B}{R} (If you discard this card, discard it into exile. When you do, cast it for its madness cost or put it into your graveyard.)"
1,Unearth,"Black",1,ed268699-e1cc-4742-b19f-7f0ceaed2733,"Sorcery","Return target creature card with mana value 3 or less from your graveyard to the battlefield. Cycling {2} ({2}, Discard this card: Draw a card.)"
1,Witch's Vengeance,"Black",3,dbf16457-3444-4130-b220-834b69d9faa3,"Sorcery","Creatures of the creature type of your choice get -3/-3 until end of turn."
1,On an Adventure,"",0,fcf4c7fb-7859-4c11-8552-6817f5119d2e,"Card","After an Adventure resolves, you can place the exiled card here. You may cast the creature from exile."
1,Bird,"White",0,6105623a-ff2c-46bf-8881-e8b899d47d54,"Creature,Token","Flying"
1,Blood,"",0,92a3afe7-bd9f-43f9-adc3-4819e60dc7a5,"Artifact,Token","{1}, {T}, Discard a card, Sacrifice this token: Draw a card."
1,Clue,"",0,33648889-2715-40f0-81fa-b6571d0bb0c9,"Artifact,Token","{2}, Sacrifice this token: Draw a card."
1,Elemental,"Red",0,4ace3018-7d6e-4b77-9487-f280fd723d12,"Creature,Token","undefined // undefined"
1,Faerie,"Blue",0,d1c0556e-ba3c-4a8e-b704-8eaa7c4dba1c,"Creature,Token","Flying"
1,Food,"",0,6fb7cf0b-48d1-4a35-be63-a331987400de,"Artifact,Token","{2}, {T}, Sacrifice this token: You gain 3 life."
1,Goblin,"Red",0,e265ca24-96c0-4654-a8f3-bbffe288970a,"Creature,Token","undefined // undefined"
1,Honored Hydra,"White",0,7365ffff-b171-4275-9fdb-e622f8456858,"Creature,Token","Trample"
1,Human Warrior,"White",0,0d88db82-009a-4371-a91e-9083b561e80f,"Creature,Token","undefined // undefined"
1,Phyrexian Myr,"",0,f4ef9889-e61d-4733-b27c-9e78aea8e84b,"Creature,Artifact,Token","undefined // undefined"
1,Saproling,"Green",0,590abe94-9c71-4429-b1b5-8b5de877de03,"Creature,Token","undefined // undefined"
1,Servo,"",0,57890ef7-9006-47b9-9f8b-42b665123607,"Creature,Artifact,Token","undefined // undefined"
1,Soldier,"White",0,89e87c22-c966-40bb-9465-311cc1655fe2,"Creature,Token","Lifelink"
1,Soldier,"White",0,c459f2ec-2aa3-44f6-999f-b1467dd4e27c,"Creature,Token","undefined // undefined"
1,Sphinx,"White,Blue",0,c8651719-b875-48ce-b68b-ac7c0713ddf8,"Creature,Token","Flying, vigilance"
1,Spirit,"White,Black",0,ef77c8eb-aa24-46d5-8036-6651c7602383,"Creature,Token","Flying"
1,Spirit,"White",0,004f2ea4-0477-49b2-ad06-5aac7991103d,"Creature,Token","Flying"
1,Thopter,"",0,8a508e59-92e1-47e4-948a-5237df162dbb,"Creature,Artifact,Token","Flying"
1,Wizard,"Blue",0,7b0b95ce-4821-4955-a27c-93471240f54b,"Creature,Token","undefined // undefined"
1,Wolf,"Green",0,89b89a55-3ea2-4186-b946-06831bc16169,"Creature,Token","undefined // undefined"
1,Zombie,"Black",0,4cecd5c6-d6c8-4cd5-97a3-cddaf051af15,"Creature,Token","undefined // undefined"
1,Zombie Army,"Black",0,177beb03-072c-462c-b816-d706d4d40b5f,"Creature,Token","undefined // undefined"
